"","GID","YLD","trial"
"1","Devote",5573.10532238082,"AWY1_DVPWA_2024"
"2","Jameson",5573.53191965648,"AWY1_DVPWA_2024"
"3","Jasper",5574.63110824885,"AWY1_DVPWA_2024"
"4","MAS14075-B-B-2-2",5574.6110054916,"AWY1_DVPWA_2024"
"5","Rollie",5573.64323425772,"AWY1_DVPWA_2024"
"6","SWW13292-B-B-B-4",5573.8869278223,"AWY1_DVPWA_2024"
"7","SWW15107-1-1-1-4",5574.06081472616,"AWY1_DVPWA_2024"
"8","SWW15196-1-1-1-2",5574.10036138633,"AWY1_DVPWA_2024"
"9","SWW15309-1-S-15-1-1",5573.97249987713,"AWY1_DVPWA_2024"
"10","SWW15312-1-S-86-1-1",5575.0312171781,"AWY1_DVPWA_2024"
"11","SWW15317-1-24-1-1",5574.09590163666,"AWY1_DVPWA_2024"
"12","SWW15509-1-14-1-1",5574.40754977392,"AWY1_DVPWA_2024"
"13","SWW16110-1-1-1-3",5573.50224606772,"AWY1_DVPWA_2024"
"14","SWW16110-1-1-1-4",5573.43599457209,"AWY1_DVPWA_2024"
"15","SWW16222-1-1-1-1",5573.35644828325,"AWY1_DVPWA_2024"
"16","SWW16236-1-1-1-4",5572.06573141972,"AWY1_DVPWA_2024"
"17","SWW16300-1-1-1-3",5574.30820506928,"AWY1_DVPWA_2024"
"18","SWW16371-1-S-65-1-1",5574.15661833758,"AWY1_DVPWA_2024"
"19","SWW16377-1-1-1-9",5574.08853920301,"AWY1_DVPWA_2024"
"20","SWW16392-1-1-1-5",5573.93899852047,"AWY1_DVPWA_2024"
"21","SWW16424-1-13-1-1",5573.74223059578,"AWY1_DVPWA_2024"
"22","SWW16454-1-7-1-1",5573.6859965334,"AWY1_DVPWA_2024"
"23","Windust",5570.03850923227,"AWY1_DVPWA_2024"
"24","ALLIANCE",3192.21612399606,"TCAP_2025_MANKS"
"25","ANTELOPE",3191.96157188801,"TCAP_2025_MANKS"
"26","BOND_CL",3191.17309133163,"TCAP_2025_MANKS"
"27","CENTURA",3192.03666910685,"TCAP_2025_MANKS"
"28","CO04W320",3191.27030504124,"TCAP_2025_MANKS"
"29","CO13D01383",3190.59022559869,"TCAP_2025_MANKS"
"30","COLT",3190.88589759764,"TCAP_2025_MANKS"
"31","CULVER",3191.86038014555,"TCAP_2025_MANKS"
"32","EXPEDITION",3191.42715137229,"TCAP_2025_MANKS"
"33","EXPEDITION",3191.42715137229,"OHRWW_2025_SPO"
"34","EXPEDITION",3191.42715137229,"2025_AYT_Aurora"
"35","GOODSTREAK",3192.23539061497,"TCAP_2025_MANKS"
"36","GOODSTREAK",3192.23539061497,"OHRWW_2025_SPO"
"37","HARRY",3191.03933603203,"TCAP_2025_MANKS"
"38","JAGALENE",3192.37801925563,"TCAP_2025_MANKS"
"39","Joe",3191.50705235854,"TCAP_2025_MANKS"
"40","KanMark",3191.72776340539,"TCAP_2025_MANKS"
"41","KS061278M-4",3191.24768567498,"TCAP_2025_MANKS"
"42","KS061406LN~26",3191.70709698521,"TCAP_2025_MANKS"
"43","KS090387K-20",3190.69919774193,"TCAP_2025_MANKS"
"44","KS15COGDPOP02-1",3191.239922321,"TCAP_2025_MANKS"
"45","KS15COGDPOP02-4",3190.95029315095,"TCAP_2025_MANKS"
"46","KS15COGDPOP04-1",3190.53767892573,"TCAP_2025_MANKS"
"47","KS15COGDPOP04-2",3190.38234581899,"TCAP_2025_MANKS"
"48","KS15COGDPOP08-2",3190.48894111252,"TCAP_2025_MANKS"
"49","KS15COGDPOP09-2",3191.33330582658,"TCAP_2025_MANKS"
"50","KS15COGDPOP11-2",3190.79466111697,"TCAP_2025_MANKS"
"51","KS15COGDPOP19-2",3191.68188256895,"TCAP_2025_MANKS"
"52","KS15COGDPOP20-1",3191.53945922611,"TCAP_2025_MANKS"
"53","KS15COGDPOP20-3",3191.44604252642,"TCAP_2025_MANKS"
"54","KS15COGDPOP59-1",3190.35100716864,"TCAP_2025_MANKS"
"55","KS15COGDPOP60-4",3190.51367731237,"TCAP_2025_MANKS"
"56","KS15COGDPOP60-5",3190.19984433741,"TCAP_2025_MANKS"
"57","KS15COGDPOP61-3",3190.93413070648,"TCAP_2025_MANKS"
"58","KS15COGDPOP69-1",3190.06220822291,"TCAP_2025_MANKS"
"59","KS15COGDPOP69-3",3190.08327259356,"TCAP_2025_MANKS"
"60","KS15COGDPOP69-5",3191.00245449641,"TCAP_2025_MANKS"
"61","KS15COGDPOP70-1",3190.79866436983,"TCAP_2025_MANKS"
"62","KS15COGDPOP70-2",3190.39671896674,"TCAP_2025_MANKS"
"63","KS15RLGDPOP04-1",3190.69111299091,"TCAP_2025_MANKS"
"64","KS15RLGDPOP06-2",3190.79305586651,"TCAP_2025_MANKS"
"65","KS15RLGDPOP09-3",3190.44809048477,"TCAP_2025_MANKS"
"66","KS15RLGDPOP09-4",3190.52618475808,"TCAP_2025_MANKS"
"67","KS15RLGDPOP11-1",3190.9751120083,"TCAP_2025_MANKS"
"68","KS15RLGDPOP16-3",3191.28886444181,"TCAP_2025_MANKS"
"69","KS15RLGDPOP16-4",3191.5495682109,"TCAP_2025_MANKS"
"70","KS15RLGDPOP23-1",3191.54936350564,"TCAP_2025_MANKS"
"71","KS15RLGDPOP23-3",3191.16946483936,"TCAP_2025_MANKS"
"72","KS15RLGDPOP26-5",3190.0330584265,"TCAP_2025_MANKS"
"73","KS15RLGDPOP27S-2",3191.06876328303,"TCAP_2025_MANKS"
"74","KS15RLGDPOP29-2",3190.61741938297,"TCAP_2025_MANKS"
"75","KS15RLGDPOP29-3",3190.68854688033,"TCAP_2025_MANKS"
"76","KS15RLGDPOP29-4",3191.32490619221,"TCAP_2025_MANKS"
"77","KS15RLGDPOP30-1",3191.38739363116,"TCAP_2025_MANKS"
"78","KS15RLGDPOP30-4",3190.94023007311,"TCAP_2025_MANKS"
"79","KS15RLGDPOP37-1",3191.40902947322,"TCAP_2025_MANKS"
"80","KS15RLGDPOP37-2",3191.76026949063,"TCAP_2025_MANKS"
"81","KS15RLGDPOP37-3",3190.92419164869,"TCAP_2025_MANKS"
"82","KS15RLGDPOP49-1",3189.81901517931,"TCAP_2025_MANKS"
"83","KS15RLGDPOP49-3",3190.01308119506,"TCAP_2025_MANKS"
"84","KS15RLGDPOP52-2",3191.28996565052,"TCAP_2025_MANKS"
"85","KS15RLGDPOP65-2",3189.84870556883,"TCAP_2025_MANKS"
"86","KS16COGDPOP03-2",3190.34472775143,"TCAP_2025_MANKS"
"87","KS16COGDPOP14-2",3191.55924148764,"TCAP_2025_MANKS"
"88","KS16COGDPOP16-1",3191.30557024978,"TCAP_2025_MANKS"
"89","KS16COGDPOP16-2",3190.58547346752,"TCAP_2025_MANKS"
"90","KS16COGDPOP16-4",3191.99200576138,"TCAP_2025_MANKS"
"91","KS16COGDPOP16-5",3190.3685803012,"TCAP_2025_MANKS"
"92","KS16COGDPOP17-1",3191.76806776885,"TCAP_2025_MANKS"
"93","KS16COGDPOP42-1",3191.69658103306,"TCAP_2025_MANKS"
"94","KS16COGDPOP42-3",3191.13272610299,"TCAP_2025_MANKS"
"95","KS16COGDPOP42-6",3191.65833842052,"TCAP_2025_MANKS"
"96","KS16COGDPOP51-1",3190.49044271512,"TCAP_2025_MANKS"
"97","KS16COGDPOP51-3",3189.7871552406,"TCAP_2025_MANKS"
"98","KS16COGDPOP51-4",3191.27066301128,"TCAP_2025_MANKS"
"99","KS16COGDPOP51-6",3191.87441111327,"TCAP_2025_MANKS"
"100","KS16COGDPOP52-1",3191.410661954,"TCAP_2025_MANKS"
"101","KS16COGDPOP52-2",3191.01780428646,"TCAP_2025_MANKS"
"102","KS16COGDPOP52-3",3191.37134020892,"TCAP_2025_MANKS"
"103","KS16COGDPOP52-4",3191.14642978804,"TCAP_2025_MANKS"
"104","KS16COGDPOP52-5",3191.39752773152,"TCAP_2025_MANKS"
"105","KS16COGDPOP71-11",3190.76581689338,"TCAP_2025_MANKS"
"106","KS16COGDPOP71-3",3191.29807668278,"TCAP_2025_MANKS"
"107","KS16COGDPOP71-5",3191.68302296591,"TCAP_2025_MANKS"
"108","KS16COGDPOP71-7",3191.30255185454,"TCAP_2025_MANKS"
"109","KS16COGDPOP71-8",3191.55222849397,"TCAP_2025_MANKS"
"110","KS16COGDPOP71-9",3191.44908091895,"TCAP_2025_MANKS"
"111","KS16COGDPOP72-1",3190.98003499147,"TCAP_2025_MANKS"
"112","KS16COGDPOP72-5",3190.87552782871,"TCAP_2025_MANKS"
"113","KS16COGDPOP72-6",3190.98105185498,"TCAP_2025_MANKS"
"114","KS16COGDPOP73-1",3189.62694990619,"TCAP_2025_MANKS"
"115","KS16COGDPOP74-2",3190.13985347421,"TCAP_2025_MANKS"
"116","KS16GD2POP03-2",3189.25368811079,"TCAP_2025_MANKS"
"117","KS16GD2POP04-1",3190.40943395376,"TCAP_2025_MANKS"
"118","KS16GD2POP06-1",3190.31036509683,"TCAP_2025_MANKS"
"119","KS16GD2POP06-2",3190.50254014263,"TCAP_2025_MANKS"
"120","KS16GD2POP11-1",3189.63645250931,"TCAP_2025_MANKS"
"121","KS16GD2POP12-11",3191.58914338951,"TCAP_2025_MANKS"
"122","KS16GD2POP12-13",3191.49232595077,"TCAP_2025_MANKS"
"123","KS16GD2POP12-16",3190.41036104835,"TCAP_2025_MANKS"
"124","KS16GD2POP12-2",3190.33885041091,"TCAP_2025_MANKS"
"125","KS16GD2POP12-8",3191.7831412058,"TCAP_2025_MANKS"
"126","KS16GD2POP13-2",3191.56329182538,"TCAP_2025_MANKS"
"127","KS16GD2POP13-3",3191.37174259374,"TCAP_2025_MANKS"
"128","KS16GD2POP13-4",3191.51408510861,"TCAP_2025_MANKS"
"129","KS16GD2POP13-6",3191.19275259692,"TCAP_2025_MANKS"
"130","KS16GD2POP15-1",3191.05904129745,"TCAP_2025_MANKS"
"131","KS16GD2POP15-2",3190.17567762647,"TCAP_2025_MANKS"
"132","KS16GD2POP15-3",3190.96454660925,"TCAP_2025_MANKS"
"133","KS16GD2POP16-3",3190.97725379137,"TCAP_2025_MANKS"
"134","KS16GD2POP17-2",3190.13543306059,"TCAP_2025_MANKS"
"135","KS16GD2POP17-3",3190.86119523366,"TCAP_2025_MANKS"
"136","KS16GD2POP17-5",3190.46394866416,"TCAP_2025_MANKS"
"137","KS16GD2POP18-3",3190.67838844674,"TCAP_2025_MANKS"
"138","KS16GD2POP19-1",3192.47561345259,"TCAP_2025_MANKS"
"139","KS16GD2POP19-3",3190.92209727583,"TCAP_2025_MANKS"
"140","KS16GD2POP19-4",3191.7756445753,"TCAP_2025_MANKS"
"141","KS16GD2POP28-1",3190.44402198724,"TCAP_2025_MANKS"
"142","KS16GD2POP28-3",3191.16785015893,"TCAP_2025_MANKS"
"143","KS16GD2POP28-6",3190.42591295075,"TCAP_2025_MANKS"
"144","KS16RLGDPOP13-3",3192.0080921755,"TCAP_2025_MANKS"
"145","KS16RLGDPOP13-4",3190.0716342132,"TCAP_2025_MANKS"
"146","KS16RLGDPOP42-1",3189.79094092036,"TCAP_2025_MANKS"
"147","KS16RLGDPOP42-2",3189.42514984674,"TCAP_2025_MANKS"
"148","KS16RLGDPOP42-4",3189.21080970166,"TCAP_2025_MANKS"
"149","KS16RLGDPOP43-1",3190.73381587164,"TCAP_2025_MANKS"
"150","KS16RLGDPOP43-2",3189.87853098925,"TCAP_2025_MANKS"
"151","KS16RLGDPOP45-1",3189.97876859413,"TCAP_2025_MANKS"
"152","KS16RLGDPOP45-3",3189.77292662063,"TCAP_2025_MANKS"
"153","KS16RLGDPOP46-1",3190.5592871586,"TCAP_2025_MANKS"
"154","KS16RLGDPOP46-2",3190.40936171464,"TCAP_2025_MANKS"
"155","KS16RLGDPOP46-3",3190.17677300805,"TCAP_2025_MANKS"
"156","KS16RLGDPOP46-4",3191.17031294563,"TCAP_2025_MANKS"
"157","KS16RLGDPOP46-5",3190.28259968183,"TCAP_2025_MANKS"
"158","KS16RLGDPOP46-7",3191.54817401463,"TCAP_2025_MANKS"
"159","KS16RLGDPOP47-4",3189.91976528641,"TCAP_2025_MANKS"
"160","KS16RLGDPOP58-1",3191.12120868078,"TCAP_2025_MANKS"
"161","KS16RLGDPOP58-2",3191.52813994876,"TCAP_2025_MANKS"
"162","KS16RLGDPOP61-2",3191.72671571,"TCAP_2025_MANKS"
"163","KS16RLGDPOP61-3",3191.45830493501,"TCAP_2025_MANKS"
"164","LOCKETT",3189.45483307249,"TCAP_2025_MANKS"
"165","N16MD9051-A02-3",3191.33704516302,"TCAP_2025_MANKS"
"166","N16MD9177-C09-16",3189.72326907457,"TCAP_2025_MANKS"
"167","NE10589",3191.48046033518,"TCAP_2025_MANKS"
"168","NI06736",3191.93561560461,"TCAP_2025_MANKS"
"169","NUHORIZON",3191.57433341753,"TCAP_2025_MANKS"
"170","OK04505",3190.9619588318,"TCAP_2025_MANKS"
"171","OK05122",3191.78448511678,"TCAP_2025_MANKS"
"172","OK05511",3192.49845931125,"TCAP_2025_MANKS"
"173","OK05711W",3190.65296144503,"TCAP_2025_MANKS"
"174","OK05723W",3190.67519857064,"TCAP_2025_MANKS"
"175","OK06114",3191.05643008973,"TCAP_2025_MANKS"
"176","OK11D25056",3191.9070969133,"TCAP_2025_MANKS"
"177","PW_1_27_4_A08",3191.30978035806,"TCAP_2025_MANKS"
"178","PW_2_22_2_E11",3190.66398545505,"TCAP_2025_MANKS"
"179","ROBIDOUX",3189.90736417588,"TCAP_2025_MANKS"
"180","SANDY",3192.31952310925,"TCAP_2025_MANKS"
"181","SPARTAN",3190.59372350009,"TCAP_2025_MANKS"
"182","TAM302",3190.78366639991,"TCAP_2025_MANKS"
"183","TAM304",3191.14035408693,"TCAP_2025_MANKS"
"184","TAM401",3189.63675597512,"TCAP_2025_MANKS"
"185","THUNDERBOLT",3192.09325129562,"TCAP_2025_MANKS"
"186","TX01V5134RC-3",3190.33084134709,"TCAP_2025_MANKS"
"187","TX02A0252",3190.97565470942,"TCAP_2025_MANKS"
"188","TX02A0252",3190.97565470942,"OHRWW_2025_SPO"
"189","TX04A001246",3191.35918514692,"TCAP_2025_MANKS"
"190","TX04M410211",3191.50143697569,"TCAP_2025_MANKS"
"191","TX06A001386",3190.2310153486,"TCAP_2025_MANKS"
"192","TX06V7266",3191.59933466982,"TCAP_2025_MANKS"
"193","TX07A001420",3190.26585040207,"TCAP_2025_MANKS"
"194","TX99U8618",3190.55965425694,"TCAP_2025_MANKS"
"195","U7907.11.3",3191.66420319172,"TCAP_2025_MANKS"
"196","U8202-A-10-7",3190.99828858651,"TCAP_2025_MANKS"
"197","U8313-D-6-9",3191.60894472509,"TCAP_2025_MANKS"
"198","U8314-E.T3",3190.8164266454,"TCAP_2025_MANKS"
"199","U8314-M-H11-T3",3190.35178169393,"TCAP_2025_MANKS"
"200","U8323_C2",3189.90780804686,"TCAP_2025_MANKS"
"201","U8323_D5",3191.24540479934,"TCAP_2025_MANKS"
"202","U8323_D6",3194.25178811262,"TCAP_2025_MANKS"
"203","U8344-P-5-5",3189.56663089805,"TCAP_2025_MANKS"
"204","U8375-B-H4-T15",3190.68935582887,"TCAP_2025_MANKS"
"205","U8434_B8",3187.75713143482,"TCAP_2025_MANKS"
"206","U8434_C1",3192.23171681997,"TCAP_2025_MANKS"
"207","U8434_C2",3190.78768944096,"TCAP_2025_MANKS"
"208","U8439/U8554/U8440_E1",3190.60868886225,"TCAP_2025_MANKS"
"209","U8441_U8549_A8",3189.44123947776,"TCAP_2025_MANKS"
"210","U8453_B5",3190.4776752684,"TCAP_2025_MANKS"
"211","U8453_B7",3190.76898200971,"TCAP_2025_MANKS"
"212","U8453_C10",3190.23197061684,"TCAP_2025_MANKS"
"213","U8453_D6",3190.9460215009,"TCAP_2025_MANKS"
"214","U8454_U8446_B2",3192.01195792989,"TCAP_2025_MANKS"
"215","U8458_U8459_U8460_U8471_E5",3189.62853424265,"TCAP_2025_MANKS"
"216","U8492-J.T1",3190.28085878854,"TCAP_2025_MANKS"
"217","U8502/U8316/U8383_D2",3188.69743048191,"TCAP_2025_MANKS"
"218","U8542_A9",3190.27159595133,"TCAP_2025_MANKS"
"219","U8546_A2",3190.60009852774,"TCAP_2025_MANKS"
"220","U8546_B8",3189.54401625463,"TCAP_2025_MANKS"
"221","U8547/U8433_D7",3190.28250564133,"TCAP_2025_MANKS"
"222","U8551_A10",3190.90385926345,"TCAP_2025_MANKS"
"223","U8551_A2",3190.69667460948,"TCAP_2025_MANKS"
"224","U8551_A6",3190.6107172304,"TCAP_2025_MANKS"
"225","U8551_B3",3192.28347290548,"TCAP_2025_MANKS"
"226","U8551_C6",3191.38600057603,"TCAP_2025_MANKS"
"227","U8551_D5",3191.71893734975,"TCAP_2025_MANKS"
"228","U8551_E1",3191.7766592714,"TCAP_2025_MANKS"
"229","U8595-D-3-1",3190.49767259808,"TCAP_2025_MANKS"
"230","U8715-J-D08",3190.52119431195,"TCAP_2025_MANKS"
"231","U8816-S-H12-B",3190.06250186625,"TCAP_2025_MANKS"
"232","U8816-S-H12-G",3190.83397318999,"TCAP_2025_MANKS"
"233","U8816-V-D10-G",3190.78551106328,"TCAP_2025_MANKS"
"234","U8816-V-F07-E",3190.98081895343,"TCAP_2025_MANKS"
"235","U8819-O-G01",3191.26233730383,"TCAP_2025_MANKS"
"236","U9001-E-D12-D",3190.05091500636,"TCAP_2025_MANKS"
"237","U9004-B-A01-B",3191.18789234228,"TCAP_2025_MANKS"
"238","U9006-AI-D16-F",3190.24672712931,"TCAP_2025_MANKS"
"239","U9006-M-D01-H2",3190.08212210403,"TCAP_2025_MANKS"
"240","U9015-E-F06-A",3190.67707404498,"TCAP_2025_MANKS"
"241","U9103-F_E10",3189.05445173792,"TCAP_2025_MANKS"
"242","U9107-H_B4",3190.44232281165,"TCAP_2025_MANKS"
"243","U9107-I_D5",3192.54648680473,"TCAP_2025_MANKS"
"244","U9108-F_E9",3189.66981397771,"TCAP_2025_MANKS"
"245","U9124-B_A1",3192.91771558113,"TCAP_2025_MANKS"
"246","U9134-C_E10",3189.73319158871,"TCAP_2025_MANKS"
"247","U9150-J_E5",3191.04020548612,"TCAP_2025_MANKS"
"248","U9150-K_E6",3192.66054580269,"TCAP_2025_MANKS"
"249","U9160-A_A1",3192.55838655911,"TCAP_2025_MANKS"
"250","U9160-C_E3",3190.43361103797,"TCAP_2025_MANKS"
"251","U9161-A_E2",3194.72435178544,"TCAP_2025_MANKS"
"252","U9173-F_A10",3189.59120532491,"TCAP_2025_MANKS"
"253","U9204-H_A9",3192.6036267343,"TCAP_2025_MANKS"
"254","U9204-H_E8",3191.7052661211,"TCAP_2025_MANKS"
"255","U9229-F_D6",3192.21524789318,"TCAP_2025_MANKS"
"256","U9232-B_A2",3188.90174329379,"TCAP_2025_MANKS"
"257","U9232-B_D2",3188.93449504563,"TCAP_2025_MANKS"
"258","U9232-G_B8",3189.24887674579,"TCAP_2025_MANKS"
"259","U9237-D_C1",3192.94671855989,"TCAP_2025_MANKS"
"260","U9237-E_D4",3190.4768497575,"TCAP_2025_MANKS"
"261","U9237-J_B8",3194.24215330791,"TCAP_2025_MANKS"
"262","U9241-F_D9",3191.21416940844,"TCAP_2025_MANKS"
"263","U9242-D_D6",3189.57873709577,"TCAP_2025_MANKS"
"264","U9246-H_C10",3191.11591975709,"TCAP_2025_MANKS"
"265","U9248-D_A4",3190.23662813083,"TCAP_2025_MANKS"
"266","U9251-B_C2",3193.29107432774,"TCAP_2025_MANKS"
"267","U9251-L_C9",3191.27138564551,"TCAP_2025_MANKS"
"268","U9276-C_B2",3190.52939193325,"TCAP_2025_MANKS"
"269","U9277-C_A1",3189.65340750195,"TCAP_2025_MANKS"
"270","U9289-A_A7",3190.55140682433,"TCAP_2025_MANKS"
"271","U9289-A_B7",3190.11960057714,"TCAP_2025_MANKS"
"272","U9293-A_C5",3188.99396092639,"TCAP_2025_MANKS"
"273","U9303-A_D4",3194.51259343407,"TCAP_2025_MANKS"
"274","U9305-D_A3",3190.63663023726,"TCAP_2025_MANKS"
"275","U9305-D_D3",3191.05425487525,"TCAP_2025_MANKS"
"276","U9307-F_B7",3190.18276302377,"TCAP_2025_MANKS"
"277","U9314-E_E9",3192.56260875819,"TCAP_2025_MANKS"
"278","U9314-F_C10",3189.99026257596,"TCAP_2025_MANKS"
"279","U9315-O_B7",3189.63924000212,"TCAP_2025_MANKS"
"280","U9317-L_D5",3190.55444512208,"TCAP_2025_MANKS"
"281","U9317-P_C8",3189.59773969157,"TCAP_2025_MANKS"
"282","U9319-C_C5",3192.50990551756,"TCAP_2025_MANKS"
"283","U9319-C_E5",3190.80497469076,"TCAP_2025_MANKS"
"284","U9320-A_E1",3188.60640728399,"TCAP_2025_MANKS"
"285","U9326-I_A7",3189.14354682652,"TCAP_2025_MANKS"
"286","U9358-D_E7",3189.6930921282,"TCAP_2025_MANKS"
"287","U9362-C_C3",3188.09898192745,"TCAP_2025_MANKS"
"288","U9367-C_C5",3191.31047111733,"TCAP_2025_MANKS"
"289","U9367-C_E6",3190.055894379,"TCAP_2025_MANKS"
"290","U9371-D_D8",3191.61452357631,"TCAP_2025_MANKS"
"291","U9395-E_C6",3190.67746651405,"TCAP_2025_MANKS"
"292","U9399-B_C3",3189.40003406644,"TCAP_2025_MANKS"
"293","U9399-E_E7",3190.53323027101,"TCAP_2025_MANKS"
"294","U9401-A_E9",3190.06689731563,"TCAP_2025_MANKS"
"295","U9401-B_B10",3193.50408487463,"TCAP_2025_MANKS"
"296","U9401-B_E10",3193.3399104075,"TCAP_2025_MANKS"
"297","U9408-A_C2",3189.8160452858,"TCAP_2025_MANKS"
"298","U9408-G_B6",3190.88607964033,"TCAP_2025_MANKS"
"299","VISTA",3190.99665745736,"TCAP_2025_MANKS"
"300","W04-417",3190.02437656847,"TCAP_2025_MANKS"
"301","X111480-1.8.4.3",3190.71374288622,"TCAP_2025_MANKS"
"302","X111616-1.6.6.3",3191.97641502353,"TCAP_2025_MANKS"
"303","X111616-1.6.8.3",3192.11479538711,"TCAP_2025_MANKS"
"304","X111616-1.6.9.8",3192.41427831519,"TCAP_2025_MANKS"
"305","ZENDA",3190.56005836642,"TCAP_2025_MANKS"
"306","21PU-0073",6269.7449605223,"25_Big6_SVREC_SVREC"
"307","21PU-0157",6268.74165980412,"25_Big6_SVREC_SVREC"
"308","21PU-0280",6268.49918186527,"25_Big6_SVREC_SVREC"
"309","21PU-0281",6268.37998028929,"25_Big6_SVREC_SVREC"
"310","21PU-0282",6267.56170849911,"25_Big6_SVREC_SVREC"
"311","21PU-0467",6269.05275736518,"25_Big6_SVREC_SVREC"
"312","21PU-0507",6270.11383994607,"25_Big6_SVREC_SVREC"
"313","22PU-0108",6270.32695716728,"25_Big6_SVREC_SVREC"
"314","22PU-1031",6268.24353054802,"25_Big6_SVREC_SVREC"
"315","22PU-1081",6267.96342900277,"25_Big6_SVREC_SVREC"
"316","22PU-1250",6266.18923230046,"25_Big6_SVREC_SVREC"
"317","22PU-3029",6269.18336108849,"25_Big6_SVREC_SVREC"
"318","22PU-3041",6269.43116716306,"25_Big6_SVREC_SVREC"
"319","22PU-3092",6269.20545326288,"25_Big6_SVREC_SVREC"
"320","22PU-3170",6267.71739341473,"25_Big6_SVREC_SVREC"
"321","22PU-3409",6266.89871463985,"25_Big6_SVREC_SVREC"
"322","22PU-3438",6269.57467793189,"25_Big6_SVREC_SVREC"
"323","22PU-3470",6269.32154946187,"25_Big6_SVREC_SVREC"
"324","B722",6269.67300823382,"25_Big6_SVREC_SVREC"
"325","BECK726",6270.11399203718,"25_Big6_SVREC_SVREC"
"326","IL2021-14925",6266.91447191985,"25_Big6_SVREC_SVREC"
"327","IL2021-14925",6266.91447191985,"YT_Urb_25"
"328","IL2021-15134",6267.85415376743,"25_Big6_SVREC_SVREC"
"329","IL2021-15134",6267.85415376743,"YT_Urb_25"
"330","IL2021-15254",6266.48296872912,"25_Big6_SVREC_SVREC"
"331","IL2021-15254",6266.48296872912,"YT_Urb_25"
"332","IL2021-16415",6267.50614228992,"25_Big6_SVREC_SVREC"
"333","IL2021-16415",6267.50614228992,"YT_Urb_25"
"334","IL2021-18451",6267.51675865476,"25_Big6_SVREC_SVREC"
"335","IL2021-18451",6267.51675865476,"YT_Urb_25"
"336","IL2021-18457",6267.60263600901,"25_Big6_SVREC_SVREC"
"337","IL2021-18457",6267.60263600901,"YT_Urb_25"
"338","IL2021-19401",6269.71927871842,"25_Big6_SVREC_SVREC"
"339","IL2021-19401",6269.71927871842,"YT_Urb_25"
"340","IL2021-22316",6270.504158262,"25_Big6_SVREC_SVREC"
"341","IL2021-22316",6270.504158262,"YT_Urb_25"
"342","IL2021-26834",6267.58331266856,"25_Big6_SVREC_SVREC"
"343","IL2021-26834",6267.58331266856,"YT_Urb_25"
"344","IL2021-28712",6268.62278926495,"25_Big6_SVREC_SVREC"
"345","IL2021-28712",6268.62278926495,"YT_Urb_25"
"346","IL2021-28826",6268.60606068091,"25_Big6_SVREC_SVREC"
"347","IL2021-28826",6268.60606068091,"YT_Urb_25"
"348","IL2021-29425",6267.35330305581,"25_Big6_SVREC_SVREC"
"349","IL2021-29425",6267.35330305581,"YT_Urb_25"
"350","IL2021-32902",6267.92994724603,"25_Big6_SVREC_SVREC"
"351","IL2021-32902",6267.92994724603,"YT_Urb_25"
"352","IL2021-36445",6268.05319728064,"25_Big6_SVREC_SVREC"
"353","IL2021-36445",6268.05319728064,"YT_Urb_25"
"354","IL2021-36639",6267.9423811903,"25_Big6_SVREC_SVREC"
"355","IL2021-36639",6267.9423811903,"YT_Urb_25"
"356","IL2021-39253",6267.8013983532,"25_Big6_SVREC_SVREC"
"357","IL2021-39253",6267.8013983532,"YT_Urb_25"
"358","IL2021-42522",6267.78484262436,"25_Big6_SVREC_SVREC"
"359","IL2021-42522",6267.78484262436,"YT_Urb_25"
"360","IL2021-43877",6266.55251923356,"25_Big6_SVREC_SVREC"
"361","IL2021-43877",6266.55251923356,"YT_Urb_25"
"362","IL2021-43921",6266.96417018229,"25_Big6_SVREC_SVREC"
"363","IL2021-43921",6266.96417018229,"YT_Urb_25"
"364","IL2021-46842",6267.64790994381,"25_Big6_SVREC_SVREC"
"365","IL2021-46842",6267.64790994381,"YT_Urb_25"
"366","MI22R057",6267.45778362281,"25_Big6_SVREC_SVREC"
"367","MI22R097",6268.16641542011,"25_Big6_SVREC_SVREC"
"368","MI22R135",6268.18443194365,"25_Big6_SVREC_SVREC"
"369","MI23R020",6267.42168939944,"25_Big6_SVREC_SVREC"
"370","MI23R032",6267.74910211043,"25_Big6_SVREC_SVREC"
"371","MI23R065",6269.29874947425,"25_Big6_SVREC_SVREC"
"372","MI23R071",6269.19987982903,"25_Big6_SVREC_SVREC"
"373","MI23R081",6268.1179098562,"25_Big6_SVREC_SVREC"
"374","MI23R090",6267.8742985295,"25_Big6_SVREC_SVREC"
"375","MI23R099",6268.69858784314,"25_Big6_SVREC_SVREC"
"376","MI23R119",6268.88259163852,"25_Big6_SVREC_SVREC"
"377","MI23R126",6268.76287277263,"25_Big6_SVREC_SVREC"
"378","MI23R134",6268.08139780044,"25_Big6_SVREC_SVREC"
"379","MI23R138",6268.51136321682,"25_Big6_SVREC_SVREC"
"380","MI23R153",6268.59836191033,"25_Big6_SVREC_SVREC"
"381","MI23R161",6266.8248406537,"25_Big6_SVREC_SVREC"
"382","MI23R181",6267.42912305232,"25_Big6_SVREC_SVREC"
"383","MI23R233",6268.12209387813,"25_Big6_SVREC_SVREC"
"384","NY12311-1-30-10-1452",6268.24279267824,"25_Big6_SVREC_SVREC"
"385","NY12325-1-10-12-1476",6268.16383902349,"25_Big6_SVREC_SVREC"
"386","NY12325-1-10-18-1477",6268.2101555135,"25_Big6_SVREC_SVREC"
"387","NY12351-1-14-20-1484",6268.69367708876,"25_Big6_SVREC_SVREC"
"388","NY12397-1-4-13",6267.65923893222,"25_Big6_SVREC_SVREC"
"389","NY12398-2-16-07-03W-1580",6266.01971088036,"25_Big6_SVREC_SVREC"
"390","NY12512-1-6-05-1542",6266.1684133812,"25_Big6_SVREC_SVREC"
"391","NY12512-1-6-17-1544",6266.03618353731,"25_Big6_SVREC_SVREC"
"392","NY12513-1-16-06-1545",6267.21851103921,"25_Big6_SVREC_SVREC"
"393","NY15083-02-01-09-1786",6267.65183735832,"25_Big6_SVREC_SVREC"
"394","NY15145-01-01-11-1850",6267.12329188945,"25_Big6_SVREC_SVREC"
"395","NY15148-01-01-10-1860",6268.21097273106,"25_Big6_SVREC_SVREC"
"396","NY15150-01-01-05-1868",6269.08177406036,"25_Big6_SVREC_SVREC"
"397","NY15150-01-01-12-1870",6269.11748130032,"25_Big6_SVREC_SVREC"
"398","NY15158-01-01-10-1873",6267.19199031009,"25_Big6_SVREC_SVREC"
"399","NY15158-01-01-11-1874",6268.00094107623,"25_Big6_SVREC_SVREC"
"400","NY15201-01-01-01-1898",6267.6943626396,"25_Big6_SVREC_SVREC"
"401","NY16061-01-10-1904",6267.82844215185,"25_Big6_SVREC_SVREC"
"402","OH13-88-61",6268.07343534747,"25_Big6_SVREC_SVREC"
"403","OH15-191-52",6267.52722808565,"25_Big6_SVREC_SVREC"
"404","OH18-65-54",6268.27915715233,"25_Big6_SVREC_SVREC"
"405","OH19*102-76",6267.91311388445,"25_Big6_SVREC_SVREC"
"406","OH19-167-5",6268.70918507734,"25_Big6_SVREC_SVREC"
"407","OH20-17-3",6268.13239941325,"25_Big6_SVREC_SVREC"
"408","OH20-17-42",6268.90719134258,"25_Big6_SVREC_SVREC"
"409","OH20-98-32",6269.36545145632,"25_Big6_SVREC_SVREC"
"410","OH21*111-93",6267.92871176068,"25_Big6_SVREC_SVREC"
"411","OH21-115-96",6269.4179050722,"25_Big6_SVREC_SVREC"
"412","OH21-117-101",6268.58552711837,"25_Big6_SVREC_SVREC"
"413","OH21-117-111",6268.46202463082,"25_Big6_SVREC_SVREC"
"414","OH21*117-94",6269.09066731017,"25_Big6_SVREC_SVREC"
"415","OH21-2-74",6269.95930529422,"25_Big6_SVREC_SVREC"
"416","OH21-8-3",6268.4054833378,"25_Big6_SVREC_SVREC"
"417","OH21-91-64",6269.29699698661,"25_Big6_SVREC_SVREC"
"418","OH21-92-54",6269.30247296297,"25_Big6_SVREC_SVREC"
"419","P25R64",6270.10258493679,"25_Big6_SVREC_SVREC"
"420","X15-1071-40-17-5-8",6267.0115160076,"25_Big6_SVREC_SVREC"
"421","X15-1085-56-15-3-2",6267.3234698831,"25_Big6_SVREC_SVREC"
"422","X17-1079-87-13-5-4",6267.26674499856,"25_Big6_SVREC_SVREC"
"423","X17-1096-113-1-1-6",6267.45244009183,"25_Big6_SVREC_SVREC"
"424","X17-1162-100-20-1-10",6267.80429269951,"25_Big6_SVREC_SVREC"
"425","X17-1307-49-17-5-10",6267.82707560787,"25_Big6_SVREC_SVREC"
"426","X17-1338-120-1-1-5",6267.87313807349,"25_Big6_SVREC_SVREC"
"427","X17-1340-138-1-1-12",6265.9865719391,"25_Big6_SVREC_SVREC"
"428","X17-1413-42-2-5-10",6268.07118264241,"25_Big6_SVREC_SVREC"
"429","X17-1414-102-18-1-1",6268.15029563667,"25_Big6_SVREC_SVREC"
"430","X17-1414-103-1-1-10",6267.00455252897,"25_Big6_SVREC_SVREC"
"431","X17-1414-103-1-1-7",6267.30329501792,"25_Big6_SVREC_SVREC"
"432","X17-1535-28-19-5-5",6267.43995138598,"25_Big6_SVREC_SVREC"
"433","X17-1558-97-15-1-8",6265.83706998941,"25_Big6_SVREC_SVREC"
"434","X17-1584-7-17-5-8",6266.86541008524,"25_Big6_SVREC_SVREC"
"435","X17-1601-103-11-5-1",6268.0270131752,"25_Big6_SVREC_SVREC"
"436","X17-1625-128-1-3-2",6268.3706084289,"25_Big6_SVREC_SVREC"
"437","X17-1640-114-17-5-7",6268.23791520579,"25_Big6_SVREC_SVREC"
"438","X17-1673-29-3-5-1",6267.00471861902,"25_Big6_SVREC_SVREC"
"439","14NORD-01",5162.662027278,"OHRWW_2025_SPO"
"440","15NORD-39",5160.39470004896,"OHRWW_2025_SPO"
"441","ALAUDA",5161.27652644037,"OHRWW_2025_SPO"
"442","Alenkejava",5159.50817997922,"OHRWW_2025_SPO"
"443","APPALACHIANWHITE",5160.36075347828,"OHRWW_2025_SPO"
"444","ARAPAHOE",5162.50467902007,"OHRWW_2025_SPO"
"445","ARROW",5162.53125067486,"OHRWW_2025_SPO"
"446","ARS10-028",5161.81582165406,"OHRWW_2025_SPO"
"447","ARS16W1025",5160.29746531215,"OHRWW_2025_SPO"
"448","ARS16W1067",5164.44865470869,"OHRWW_2025_SPO"
"449","ARS18W0079",5160.73532824221,"OHRWW_2025_SPO"
"450","ARS18W0646",5162.0100703686,"OHRWW_2025_SPO"
"451","ARS18W0682",5160.23391065033,"OHRWW_2025_SPO"
"452","ARS18W0700",5161.46201014576,"OHRWW_2025_SPO"
"453","ARS19W258",5162.32230229537,"OHRWW_2025_SPO"
"454","ARS19W522",5161.5363084003,"OHRWW_2025_SPO"
"455","ARS20W013",5161.5419652249,"OHRWW_2025_SPO"
"456","ARS20W023",5161.39179914636,"OHRWW_2025_SPO"
"457","ARS20W067",5160.42899994317,"OHRWW_2025_SPO"
"458","ARS21W061",5161.60157392794,"OHRWW_2025_SPO"
"459","ARS21W097",5161.51368493311,"OHRWW_2025_SPO"
"460","ARS21W134",5161.39218190931,"OHRWW_2025_SPO"
"461","Atar",5161.39748555174,"OHRWW_2025_SPO"
"462","BANATKA",5160.35533400121,"OHRWW_2025_SPO"
"463","Bearpaw",5160.54220834618,"OHRWW_2025_SPO"
"464","BLANC_DE_MORVAN",5159.76289030483,"OHRWW_2025_SPO"
"465","BOBCAT",5161.41990398495,"OHRWW_2025_SPO"
"466","Brome",5161.53422316009,"OHRWW_2025_SPO"
"467","CATAWBA",5160.03594560834,"OHRWW_2025_SPO"
"468","Champlain",5162.39164286048,"OHRWW_2025_SPO"
"469","CLARKS_CREAM",5162.25920275282,"OHRWW_2025_SPO"
"470","DECADE",5162.2955654014,"OHRWW_2025_SPO"
"471","DH18HRW-138-56",5163.00274471881,"OHRWW_2025_SPO"
"472","DH20HRW4130-13",5162.79562116933,"OHRWW_2025_SPO"
"473","EVEREST",5160.72104553724,"OHRWW_2025_SPO"
"474","EXPEDITION",5162.78744098422,"TCAP_2025_MANKS"
"475","EXPEDITION",5162.78744098422,"OHRWW_2025_SPO"
"476","EXPEDITION",5162.78744098422,"2025_AYT_Aurora"
"477","FLATHEAD",5161.69936321119,"OHRWW_2025_SPO"
"478","FORWARD",5161.82070068574,"OHRWW_2025_SPO"
"479","FOUROSIX",5163.45519059199,"OHRWW_2025_SPO"
"480","GENESEE",5162.22747362777,"OHRWW_2025_SPO"
"481","GOODSTREAK",5162.23638617776,"TCAP_2025_MANKS"
"482","GOODSTREAK",5162.23638617776,"OHRWW_2025_SPO"
"483","GUA",5162.75671385905,"OHRWW_2025_SPO"
"484","HONOR",5161.93074404027,"OHRWW_2025_SPO"
"485","Huabey",5161.40302953373,"OHRWW_2025_SPO"
"486","IDEAL",5162.57211709983,"OHRWW_2025_SPO"
"487","IDEAL",5162.57211709983,"2025_AYT_Aurora"
"488","JUDEE",5161.27459622534,"OHRWW_2025_SPO"
"489","LA14272C-20-1-1-3-1-1",5161.61991745707,"OHRWW_2025_SPO"
"490","LA20103-NDH04",5161.71086067221,"OHRWW_2025_SPO"
"491","Ladoga",5161.84112399211,"OHRWW_2025_SPO"
"492","LCH22-1547",5161.43158103193,"OHRWW_2025_SPO"
"493","LCH22-1750",5161.49672846689,"OHRWW_2025_SPO"
"494","LCH22-2327",5161.67184577241,"OHRWW_2025_SPO"
"495","LCH22-9809",5161.62727901131,"OHRWW_2025_SPO"
"496","LYMAN",5162.49560250969,"OHRWW_2025_SPO"
"497","Marius",5162.29631656613,"OHRWW_2025_SPO"
"498","Maxine",5163.0110711566,"OHRWW_2025_SPO"
"499","MD15TA3-13",5161.55237119228,"OHRWW_2025_SPO"
"500","MD15TA3-53",5161.53431069561,"OHRWW_2025_SPO"
"501","MD15TA36-55",5161.51861551223,"OHRWW_2025_SPO"
"502","MDW-107",5161.49962431293,"OHRWW_2025_SPO"
"503","Millenium",5162.48053467124,"OHRWW_2025_SPO"
"504","Montcalm",5162.77833552106,"OHRWW_2025_SPO"
"505","MTS1224",5160.46302423245,"OHRWW_2025_SPO"
"506","NE06607",5162.21075432973,"OHRWW_2025_SPO"
"507","NI12702W",5163.01411327613,"OHRWW_2025_SPO"
"508","NORTHERN",5162.01046378772,"OHRWW_2025_SPO"
"509","NUEAST",5161.45204149434,"OHRWW_2025_SPO"
"510","NW13493",5161.69368586726,"OHRWW_2025_SPO"
"511","OAHE",5164.03043022388,"OHRWW_2025_SPO"
"512","Oulianowska",5159.53694030746,"OHRWW_2025_SPO"
"513","OVERLAND",5161.84591183984,"OHRWW_2025_SPO"
"514","OVERLAND",5161.84591183984,"2025_AYT_Aurora"
"515","Ovlianowska",5159.53862448492,"OHRWW_2025_SPO"
"516","Pounder",5160.69077108626,"OHRWW_2025_SPO"
"517","PS_ExtensivMontpellier",5160.44291800531,"OHRWW_2025_SPO"
"518","Rallet",5159.90796983599,"OHRWW_2025_SPO"
"519","REDEEMER",5161.22689779553,"OHRWW_2025_SPO"
"520","REDFIELD",5162.91774501593,"OHRWW_2025_SPO"
"521","RedFife",5162.83185873552,"OHRWW_2025_SPO"
"522","ROJO_DE_SABANDO",5160.97784634047,"OHRWW_2025_SPO"
"523","Romanello",5159.515674081,"OHRWW_2025_SPO"
"524","RUTH",5162.58888411899,"OHRWW_2025_SPO"
"525","SD15035-2",5162.1837977802,"OHRWW_2025_SPO"
"526","SD18B016-5",5162.45721751231,"OHRWW_2025_SPO"
"527","SD18B025-8",5162.4296242563,"OHRWW_2025_SPO"
"528","SD18B055-2",5162.83949132296,"OHRWW_2025_SPO"
"529","SD18B072-2",5162.12532750067,"OHRWW_2025_SPO"
"530","SD19B019-2",5161.98295453705,"OHRWW_2025_SPO"
"531","SD19B033-2",5161.97248723856,"OHRWW_2025_SPO"
"532","SD19B108-3",5161.70682161808,"OHRWW_2025_SPO"
"533","SD19B164-3",5161.7825044087,"OHRWW_2025_SPO"
"534","SD20B088-2",5161.87126980095,"OHRWW_2025_SPO"
"535","SD20D100-9",5161.9677727526,"OHRWW_2025_SPO"
"536","SD_Midland",5161.88110674496,"OHRWW_2025_SPO"
"537","SHIRLEY",5162.13040585671,"OHRWW_2025_SPO"
"538","Sirvinta",5160.90197452742,"OHRWW_2025_SPO"
"539","TUELLE",5160.25846256692,"OHRWW_2025_SPO"
"540","TX02A0252",5162.36966707446,"TCAP_2025_MANKS"
"541","TX02A0252",5162.36966707446,"OHRWW_2025_SPO"
"542","VA14HRW-25",5162.3468735606,"OHRWW_2025_SPO"
"543","VA14HRW-41",5162.9101902782,"OHRWW_2025_SPO"
"544","VA16HRW-22",5160.12291730974,"OHRWW_2025_SPO"
"545","VA18HRW-57",5163.78532447524,"OHRWW_2025_SPO"
"546","VA18HRW-58",5163.45054890747,"OHRWW_2025_SPO"
"547","VA18HRW-96",5163.61954132267,"OHRWW_2025_SPO"
"548","VA19HRW-26",5162.97281966525,"OHRWW_2025_SPO"
"549","VA20HRW-10",5163.61362453344,"OHRWW_2025_SPO"
"550","VA20HRW-38",5163.564957545,"OHRWW_2025_SPO"
"551","VA20HRW-39",5163.6521064388,"OHRWW_2025_SPO"
"552","VA20HRW-50",5163.30503054249,"OHRWW_2025_SPO"
"553","VA20HRW-70",5162.00248124959,"OHRWW_2025_SPO"
"554","VA21HRW-12",5163.01670359829,"OHRWW_2025_SPO"
"555","VA22HRW-132",5163.22020310262,"OHRWW_2025_SPO"
"556","VA22HRW-142",5162.56748209954,"OHRWW_2025_SPO"
"557","VA22HRW-2",5163.72887894179,"OHRWW_2025_SPO"
"558","VISION45",5162.62097700856,"OHRWW_2025_SPO"
"559","WARHORSE",5160.88879105873,"OHRWW_2025_SPO"
"560","WARTHOG",5162.61126208096,"OHRWW_2025_SPO"
"561","WI13OWW-10.05",5162.13246780623,"OHRWW_2025_SPO"
"562","WI13OWW-1.07",5160.80980183376,"OHRWW_2025_SPO"
"563","WI13OWW-11.03",5161.51356988562,"OHRWW_2025_SPO"
"564","WI13OWW-12.02",5161.08721087673,"OHRWW_2025_SPO"
"565","WI13OWW-12.05",5161.04224141554,"OHRWW_2025_SPO"
"566","WI13OWW-140.02",5161.71729252518,"OHRWW_2025_SPO"
"567","WI13OWW-140.05",5161.95878651708,"OHRWW_2025_SPO"
"568","WI13OWW-140.07",5161.03432554702,"OHRWW_2025_SPO"
"569","WI13OWW-144.01",5162.77832510999,"OHRWW_2025_SPO"
"570","WI13OWW-145.06",5162.37861748441,"OHRWW_2025_SPO"
"571","WI13OWW-152.02",5161.85291880665,"OHRWW_2025_SPO"
"572","WI13OWW-154.03",5162.990886516,"OHRWW_2025_SPO"
"573","WI13OWW-174.01",5162.91086565233,"OHRWW_2025_SPO"
"574","WI13OWW-199.1",5162.05885084002,"OHRWW_2025_SPO"
"575","WI13OWW-2.02",5162.3674617121,"OHRWW_2025_SPO"
"576","WI13OWW-202.07",5161.27651109299,"OHRWW_2025_SPO"
"577","WI13OWW-2.06",5160.17614347612,"OHRWW_2025_SPO"
"578","WI13OWW-212.08",5161.47485206762,"OHRWW_2025_SPO"
"579","WI13OWW-224.02",5163.02983298243,"OHRWW_2025_SPO"
"580","WI13OWW-246.02",5161.68178220002,"OHRWW_2025_SPO"
"581","WI13OWW-251.01",5161.15029378597,"OHRWW_2025_SPO"
"582","WI13OWW-260.06",5162.40099745192,"OHRWW_2025_SPO"
"583","WI13OWW-266.1",5162.12888559233,"OHRWW_2025_SPO"
"584","WI13OWW-49.01",5160.84605395607,"OHRWW_2025_SPO"
"585","WI13OWW-51.02",5161.53149791528,"OHRWW_2025_SPO"
"586","WI13OWW-51.08",5161.57061845151,"OHRWW_2025_SPO"
"587","WI13OWW-54.08",5161.59952266572,"OHRWW_2025_SPO"
"588","WI13OWW-59.05",5161.50285599686,"OHRWW_2025_SPO"
"589","WI13OWW-7.01",5162.45272665719,"OHRWW_2025_SPO"
"590","WI13OWW-7.02",5162.27303996694,"OHRWW_2025_SPO"
"591","WI13OWW-8.06",5161.92568352354,"OHRWW_2025_SPO"
"592","WI13OWW-9.05",5162.39596678185,"OHRWW_2025_SPO"
"593","WINNER",5163.53591404531,"OHRWW_2025_SPO"
"594","WINNER",5163.53591404531,"2025_AYT_Aurora"
"595","WINTERHAWK",5161.81203691111,"OHRWW_2025_SPO"
"596","YELLOWSTONE",5162.52821978218,"OHRWW_2025_SPO"
"597","YORKSTAR",5163.29153670676,"OHRWW_2025_SPO"
"598","MN21211",4802.81928039619,"24Crk_AY2-3"
"599","MN23020",4794.20203171824,"24Crk_AY2-3"
"600","MN23029",4794.20203171824,"24Crk_AY2-3"
"601","MN23031",4794.20203171824,"24Crk_AY2-3"
"602","MN23039",4794.20203171824,"24Crk_AY2-3"
"603","MN23044",4794.20203171824,"24Crk_AY2-3"
"604","MN23047",4794.20203171824,"24Crk_AY2-3"
"605","MN23049",4794.20203171824,"24Crk_AY2-3"
"606","MN23061",4794.20203171824,"24Crk_AY2-3"
"607","MN23063",4794.20203171824,"24Crk_AY2-3"
"608","MN23067",4794.20203171824,"24Crk_AY2-3"
"609","MN23070",4794.20203171824,"24Crk_AY2-3"
"610","MN23084",4794.20203171824,"24Crk_AY2-3"
"611","MN23087",4794.20203171824,"24Crk_AY2-3"
"612","MN23090",4794.20203171824,"24Crk_AY2-3"
"613","MN23094",4794.20203171824,"24Crk_AY2-3"
"614","MN23097",4794.20203171824,"24Crk_AY2-3"
"615","MN23101",4794.20203171824,"24Crk_AY2-3"
"616","MN23102",4794.20203171824,"24Crk_AY2-3"
"617","MN23103",4794.20203171824,"24Crk_AY2-3"
"618","MN23106",4794.20203171824,"24Crk_AY2-3"
"619","MN23110",4794.20203171824,"24Crk_AY2-3"
"620","MN23111",4794.20203171824,"24Crk_AY2-3"
"621","MN23117",4794.20203171824,"24Crk_AY2-3"
"622","MN23118",4794.20203171824,"24Crk_AY2-3"
"623","MN23121",4794.20203171824,"24Crk_AY2-3"
"624","MN23123",4794.20203171824,"24Crk_AY2-3"
"625","MN23127",4794.20203171824,"24Crk_AY2-3"
"626","MN23136",4794.20203171824,"24Crk_AY2-3"
"627","MN23138",4794.20203171824,"24Crk_AY2-3"
"628","MN23140",4794.20203171824,"24Crk_AY2-3"
"629","MN23143",4794.20203171824,"24Crk_AY2-3"
"630","MN23152",4794.20203171824,"24Crk_AY2-3"
"631","MN23153",4794.20203171824,"24Crk_AY2-3"
"632","MN23165",4794.20203171824,"24Crk_AY2-3"
"633","MN23167",4794.20203171824,"24Crk_AY2-3"
"634","MN23168",4794.20203171824,"24Crk_AY2-3"
"635","MN23176",4794.20203171824,"24Crk_AY2-3"
"636","MN23182",4794.20203171824,"24Crk_AY2-3"
"637","MN23184",4794.20203171824,"24Crk_AY2-3"
"638","MN23186",4794.20203171824,"24Crk_AY2-3"
"639","MN23187",4794.20203171824,"24Crk_AY2-3"
"640","MN23188",4794.20203171824,"24Crk_AY2-3"
"641","MN23192",4794.20203171824,"24Crk_AY2-3"
"642","MN23193",4794.20203171824,"24Crk_AY2-3"
"643","MN23197",4794.20203171824,"24Crk_AY2-3"
"644","MN23199",4794.20203171824,"24Crk_AY2-3"
"645","MN23201",4794.20203171824,"24Crk_AY2-3"
"646","MN23204",4794.20203171824,"24Crk_AY2-3"
"647","MN23216",4794.20203171824,"24Crk_AY2-3"
"648","MN23221",4794.20203171824,"24Crk_AY2-3"
"649","MN23231",4794.20203171824,"24Crk_AY2-3"
"650","MN23241",4794.20203171824,"24Crk_AY2-3"
"651","MN23247",4794.20203171824,"24Crk_AY2-3"
"652","MN23249",4794.20203171824,"24Crk_AY2-3"
"653","MN23250",4794.20203171824,"24Crk_AY2-3"
"654","MN23252",4794.20203171824,"24Crk_AY2-3"
"655","MN23255",4794.20203171824,"24Crk_AY2-3"
"656","MN23259",4794.20203171824,"24Crk_AY2-3"
"657","MN23263",4794.20203171824,"24Crk_AY2-3"
"658","MN23267",4794.20203171824,"24Crk_AY2-3"
"659","MN23271",4794.20203171824,"24Crk_AY2-3"
"660","MN23282",4794.20203171824,"24Crk_AY2-3"
"661","MN23283",4794.20203171824,"24Crk_AY2-3"
"662","MN23285",4794.20203171824,"24Crk_AY2-3"
"663","MN23288",4794.20203171824,"24Crk_AY2-3"
"664","MN23293",4794.20203171824,"24Crk_AY2-3"
"665","MN23300",4794.20203171824,"24Crk_AY2-3"
"666","MN23302",4794.20203171824,"24Crk_AY2-3"
"667","MN23304",4794.20203171824,"24Crk_AY2-3"
"668","MN23308",4794.20203171824,"24Crk_AY2-3"
"669","MN23312",4794.20203171824,"24Crk_AY2-3"
"670","MN23315",4794.20203171824,"24Crk_AY2-3"
"671","MN23318",4794.20203171824,"24Crk_AY2-3"
"672","MN23325",4794.20203171824,"24Crk_AY2-3"
"673","MN23327",4794.20203171824,"24Crk_AY2-3"
"674","MN23336",4794.20203171824,"24Crk_AY2-3"
"675","MN23337",4794.20203171824,"24Crk_AY2-3"
"676","MN23344",4794.20203171824,"24Crk_AY2-3"
"677","MN23349",4794.20203171824,"24Crk_AY2-3"
"678","MN23350",4794.20203171824,"24Crk_AY2-3"
"679","MN23351",4794.20203171824,"24Crk_AY2-3"
"680","MN23352",4794.20203171824,"24Crk_AY2-3"
"681","MN23355",4794.20203171824,"24Crk_AY2-3"
"682","MN23356",4794.20203171824,"24Crk_AY2-3"
"683","SHELLY",4797.73172017349,"24Crk_AY2-3"
"684","EXPEDITION",3885.59212360655,"TCAP_2025_MANKS"
"685","EXPEDITION",3885.59212360655,"OHRWW_2025_SPO"
"686","EXPEDITION",3885.59212360655,"2025_AYT_Aurora"
"687","IDEAL",3888.19623503462,"OHRWW_2025_SPO"
"688","IDEAL",3888.19623503462,"2025_AYT_Aurora"
"689","OVERLAND",3888.203764928,"OHRWW_2025_SPO"
"690","OVERLAND",3888.203764928,"2025_AYT_Aurora"
"691","SD20B044-4",3890.04885890537,"2025_AYT_Aurora"
"692","SD22B020-1",3886.85563190288,"2025_AYT_Aurora"
"693","SD22B113-5",3886.34421102968,"2025_AYT_Aurora"
"694","SD22D121-4",3886.89743454026,"2025_AYT_Aurora"
"695","SD22D144-4",3886.8312088335,"2025_AYT_Aurora"
"696","SD22D178-6",3886.40887060186,"2025_AYT_Aurora"
"697","SD23B101-12",3887.45116021407,"2025_AYT_Aurora"
"698","SD23B101-2",3887.75709346963,"2025_AYT_Aurora"
"699","SD23B101-8",3888.02937379522,"2025_AYT_Aurora"
"700","SD23B103-3",3885.71084096793,"2025_AYT_Aurora"
"701","SD23B104-5",3886.96018678913,"2025_AYT_Aurora"
"702","SD23B106-2",3888.4495079775,"2025_AYT_Aurora"
"703","SD23B107-5",3888.28689761734,"2025_AYT_Aurora"
"704","SD23B111-3",3886.54626825669,"2025_AYT_Aurora"
"705","SD23B115-5",3886.74377404739,"2025_AYT_Aurora"
"706","SD23B123-16",3885.46219094089,"2025_AYT_Aurora"
"707","SD23B123-4",3885.27490075777,"2025_AYT_Aurora"
"708","SD23B125-2",3888.81104131981,"2025_AYT_Aurora"
"709","SD23B127-4",3885.50404680834,"2025_AYT_Aurora"
"710","SD23B131-6",3886.4898429021,"2025_AYT_Aurora"
"711","SD23B132-4",3884.38801016884,"2025_AYT_Aurora"
"712","SD23B134-1",3886.437032821,"2025_AYT_Aurora"
"713","SD23B137-3",3887.43775518405,"2025_AYT_Aurora"
"714","SD23B138-5",3884.94920290006,"2025_AYT_Aurora"
"715","SD23B139-1",3885.82015338856,"2025_AYT_Aurora"
"716","SD23B139-4",3885.8177232471,"2025_AYT_Aurora"
"717","SD23B139-5",3885.97835190085,"2025_AYT_Aurora"
"718","SD23B140-10",3886.42387871519,"2025_AYT_Aurora"
"719","SD23B140-11",3886.29771315759,"2025_AYT_Aurora"
"720","SD23B140-12",3886.24644414027,"2025_AYT_Aurora"
"721","SD23B140-3",3886.14823400075,"2025_AYT_Aurora"
"722","SD23B141-4",3887.86534989231,"2025_AYT_Aurora"
"723","SD23B142-1",3887.46270217368,"2025_AYT_Aurora"
"724","SD23B142-4",3887.84425283501,"2025_AYT_Aurora"
"725","SD23B145-3",3887.0086394238,"2025_AYT_Aurora"
"726","SD23B154-8",3886.73614493946,"2025_AYT_Aurora"
"727","SD23B154-9",3886.42436664294,"2025_AYT_Aurora"
"728","SD23B159-6",3886.756862115,"2025_AYT_Aurora"
"729","SD23B161-4",3887.5312378641,"2025_AYT_Aurora"
"730","SD23B166-3",3886.16009909224,"2025_AYT_Aurora"
"731","SD23B166-7",3886.2741427616,"2025_AYT_Aurora"
"732","SD23B179-1",3886.59839255795,"2025_AYT_Aurora"
"733","SD23B180-3",3885.7678428186,"2025_AYT_Aurora"
"734","SD23B191-2",3883.58864553167,"2025_AYT_Aurora"
"735","SD23B193-4",3885.71141032255,"2025_AYT_Aurora"
"736","SD23C008-1",3886.28572095712,"2025_AYT_Aurora"
"737","SD23C017-1",3887.43373176754,"2025_AYT_Aurora"
"738","SD23C020-1",3887.01746131041,"2025_AYT_Aurora"
"739","SD23C027-5",3887.18403934465,"2025_AYT_Aurora"
"740","SD23D011-2",3886.88475346761,"2025_AYT_Aurora"
"741","SD23D011-6",3887.76529075354,"2025_AYT_Aurora"
"742","SD23D037-2",3886.74281849118,"2025_AYT_Aurora"
"743","SD23D039-3",3885.4516610662,"2025_AYT_Aurora"
"744","SD23D041-5",3886.30541131035,"2025_AYT_Aurora"
"745","SD23D044-1",3887.17437617789,"2025_AYT_Aurora"
"746","SD23D050-3",3887.36900044549,"2025_AYT_Aurora"
"747","SD23D053-1",3887.22644032457,"2025_AYT_Aurora"
"748","SD23D054-2",3885.62226139446,"2025_AYT_Aurora"
"749","SD23D057-2",3886.75654770817,"2025_AYT_Aurora"
"750","SD23D058-2",3884.60484466364,"2025_AYT_Aurora"
"751","SD23D059-1",3885.54773831345,"2025_AYT_Aurora"
"752","SD23D061-1",3885.87946183033,"2025_AYT_Aurora"
"753","SD23D064-7",3886.35459207064,"2025_AYT_Aurora"
"754","SD23SB005-7",3886.2412672092,"2025_AYT_Aurora"
"755","SD23SB006-14",3886.3598687829,"2025_AYT_Aurora"
"756","SD23SB007-17",3885.37811898681,"2025_AYT_Aurora"
"757","SD23SB007-2",3884.70641093394,"2025_AYT_Aurora"
"758","SD23SB007-7",3884.10351068108,"2025_AYT_Aurora"
"759","SD23SB011-14",3887.57138210779,"2025_AYT_Aurora"
"760","SD23SB013-14",3885.47390640517,"2025_AYT_Aurora"
"761","SD23SB014-17",3887.40499918814,"2025_AYT_Aurora"
"762","SD23SB015-11",3886.6099112303,"2025_AYT_Aurora"
"763","SD23SB015-17",3886.92040400711,"2025_AYT_Aurora"
"764","SD23SB017-1",3885.95803658006,"2025_AYT_Aurora"
"765","SD23SB017-15",3885.64751494817,"2025_AYT_Aurora"
"766","SD23SB017-8",3885.90774839873,"2025_AYT_Aurora"
"767","SD23SB018-7",3884.54353097822,"2025_AYT_Aurora"
"768","SD23SB019-9",3885.93986493073,"2025_AYT_Aurora"
"769","SD23SB025-9",3886.48710863852,"2025_AYT_Aurora"
"770","SD23SB026-15",3886.83823968866,"2025_AYT_Aurora"
"771","SD23SB026-7",3886.47016318588,"2025_AYT_Aurora"
"772","SD23SB027-10",3886.80430283796,"2025_AYT_Aurora"
"773","SD23SB027-4",3886.91194547122,"2025_AYT_Aurora"
"774","SD23SB028-6",3885.74487695315,"2025_AYT_Aurora"
"775","SD23SB035-15",3887.64779289513,"2025_AYT_Aurora"
"776","SD23SB038-12",3887.10307358052,"2025_AYT_Aurora"
"777","SD23SB038-15",3887.63993434574,"2025_AYT_Aurora"
"778","SD23SB038-6",3887.50271902272,"2025_AYT_Aurora"
"779","SD23SB039-14",3886.56752407466,"2025_AYT_Aurora"
"780","SD23SB039-15",3887.41623161988,"2025_AYT_Aurora"
"781","SD23SB040-12",3886.44762872795,"2025_AYT_Aurora"
"782","SD23SB041-16",3887.48640542869,"2025_AYT_Aurora"
"783","SD23SB041-4",3888.42197212172,"2025_AYT_Aurora"
"784","SD23SB042-10",3886.37225986362,"2025_AYT_Aurora"
"785","SD23SB042-16",3886.26103068407,"2025_AYT_Aurora"
"786","SD23SB045-10",3886.64934276537,"2025_AYT_Aurora"
"787","SD23SB045-14",3886.70952095447,"2025_AYT_Aurora"
"788","SD23SB045-5",3886.55973275642,"2025_AYT_Aurora"
"789","SD23SB046-9",3887.06776558178,"2025_AYT_Aurora"
"790","SD23SB050-18",3887.91325637332,"2025_AYT_Aurora"
"791","SD23SB052-3",3886.63293022152,"2025_AYT_Aurora"
"792","SD23SB053-16",3886.96522948889,"2025_AYT_Aurora"
"793","SD23SB053-24",3887.28684241399,"2025_AYT_Aurora"
"794","SD23SB053-28",3887.09495017194,"2025_AYT_Aurora"
"795","SD23SB053-4",3887.03249000459,"2025_AYT_Aurora"
"796","SD23SB056-14",3886.24916059719,"2025_AYT_Aurora"
"797","SD23SB056-20",3886.22445765822,"2025_AYT_Aurora"
"798","SD23SB059-22",3887.18100030957,"2025_AYT_Aurora"
"799","SD23SB060-11",3886.80400028621,"2025_AYT_Aurora"
"800","SD23SB061-11",3887.2113801936,"2025_AYT_Aurora"
"801","SD23SB067-24",3885.93381006043,"2025_AYT_Aurora"
"802","SD23SB069-13",3887.2023182656,"2025_AYT_Aurora"
"803","SD23SB069-3",3887.37083632339,"2025_AYT_Aurora"
"804","SD23SB072-1",3887.46822717401,"2025_AYT_Aurora"
"805","SD23SB072-2",3887.03050125105,"2025_AYT_Aurora"
"806","SD23SB072-20",3887.2699398438,"2025_AYT_Aurora"
"807","SD23SB072-3",3886.16282328577,"2025_AYT_Aurora"
"808","SD23SB072-8",3887.18143675295,"2025_AYT_Aurora"
"809","SD23SB073-28",3886.95135300678,"2025_AYT_Aurora"
"810","SD23SB075-12",3887.62287312669,"2025_AYT_Aurora"
"811","WINNER",3889.42594906194,"OHRWW_2025_SPO"
"812","WINNER",3889.42594906194,"2025_AYT_Aurora"
"813","IL07-19334",6636.12956913933,"YT_Urb_25"
"814","IL12-26004",6631.29250995932,"YT_Urb_25"
"815","IL16-8048",6633.00470609275,"YT_Urb_25"
"816","IL2021-14925",6631.95677374352,"25_Big6_SVREC_SVREC"
"817","IL2021-14925",6631.95677374352,"YT_Urb_25"
"818","IL2021-15134",6634.33476279346,"25_Big6_SVREC_SVREC"
"819","IL2021-15134",6634.33476279346,"YT_Urb_25"
"820","IL2021-15254",6632.96703685657,"25_Big6_SVREC_SVREC"
"821","IL2021-15254",6632.96703685657,"YT_Urb_25"
"822","IL2021-16415",6634.37031325722,"25_Big6_SVREC_SVREC"
"823","IL2021-16415",6634.37031325722,"YT_Urb_25"
"824","IL2021-17813",6633.18471156576,"YT_Urb_25"
"825","IL2021-17841",6633.67391529221,"YT_Urb_25"
"826","IL2021-17857",6633.05996679156,"YT_Urb_25"
"827","IL2021-17859",6634.018314958,"YT_Urb_25"
"828","IL2021-18451",6634.4454251505,"25_Big6_SVREC_SVREC"
"829","IL2021-18451",6634.4454251505,"YT_Urb_25"
"830","IL2021-18457",6632.37483008087,"25_Big6_SVREC_SVREC"
"831","IL2021-18457",6632.37483008087,"YT_Urb_25"
"832","IL2021-19401",6636.16071465222,"25_Big6_SVREC_SVREC"
"833","IL2021-19401",6636.16071465222,"YT_Urb_25"
"834","IL2021-22316",6637.27231125234,"25_Big6_SVREC_SVREC"
"835","IL2021-22316",6637.27231125234,"YT_Urb_25"
"836","IL2021-26834",6633.55605663064,"25_Big6_SVREC_SVREC"
"837","IL2021-26834",6633.55605663064,"YT_Urb_25"
"838","IL2021-28712",6634.22472826231,"25_Big6_SVREC_SVREC"
"839","IL2021-28712",6634.22472826231,"YT_Urb_25"
"840","IL2021-28826",6633.90644041277,"25_Big6_SVREC_SVREC"
"841","IL2021-28826",6633.90644041277,"YT_Urb_25"
"842","IL2021-29425",6632.80001294308,"25_Big6_SVREC_SVREC"
"843","IL2021-29425",6632.80001294308,"YT_Urb_25"
"844","IL2021-32902",6633.9398629738,"25_Big6_SVREC_SVREC"
"845","IL2021-32902",6633.9398629738,"YT_Urb_25"
"846","IL2021-36445",6634.07235387657,"25_Big6_SVREC_SVREC"
"847","IL2021-36445",6634.07235387657,"YT_Urb_25"
"848","IL2021-36639",6635.05449838708,"25_Big6_SVREC_SVREC"
"849","IL2021-36639",6635.05449838708,"YT_Urb_25"
"850","IL2021-39253",6634.3426781035,"25_Big6_SVREC_SVREC"
"851","IL2021-39253",6634.3426781035,"YT_Urb_25"
"852","IL2021-41721",6629.58373966031,"YT_Urb_25"
"853","IL2021-42522",6633.6979411087,"25_Big6_SVREC_SVREC"
"854","IL2021-42522",6633.6979411087,"YT_Urb_25"
"855","IL2021-43877",6634.03285023791,"25_Big6_SVREC_SVREC"
"856","IL2021-43877",6634.03285023791,"YT_Urb_25"
"857","IL2021-43921",6633.74502742966,"25_Big6_SVREC_SVREC"
"858","IL2021-43921",6633.74502742966,"YT_Urb_25"
"859","IL2021-46842",6634.05101666682,"25_Big6_SVREC_SVREC"
"860","IL2021-46842",6634.05101666682,"YT_Urb_25"
"861","IL2022-10176",6632.78513654369,"YT_Urb_25"
"862","IL2022-10260",6635.2666504826,"YT_Urb_25"
"863","IL2022-10460",6637.65669630285,"YT_Urb_25"
"864","IL2022-10744",6633.4817371692,"YT_Urb_25"
"865","IL2022-10817",6633.43993063,"YT_Urb_25"
"866","IL2022-11220",6635.33037267714,"YT_Urb_25"
"867","IL2022-11508",6633.54271759769,"YT_Urb_25"
"868","IL2022-11724",6632.49643210458,"YT_Urb_25"
"869","IL2022-12028",6635.08404368186,"YT_Urb_25"
"870","IL2022-12047",6634.15480516868,"YT_Urb_25"
"871","IL2022-12349",6633.86855719308,"YT_Urb_25"
"872","IL2022-12353",6634.1955673708,"YT_Urb_25"
"873","IL2022-12364",6633.43764130306,"YT_Urb_25"
"874","IL2022-12713",6634.9064070415,"YT_Urb_25"
"875","IL2022-1464",6632.73510647503,"YT_Urb_25"
"876","IL2022-15630",6634.81834844212,"YT_Urb_25"
"877","IL2022-1570",6632.5231487232,"YT_Urb_25"
"878","IL2022-15717",6636.86794869518,"YT_Urb_25"
"879","IL2022-15776",6638.29256555248,"YT_Urb_25"
"880","IL2022-15777",6637.92644747636,"YT_Urb_25"
"881","IL2022-15802",6637.25281361384,"YT_Urb_25"
"882","IL2022-16171",6635.49506951374,"YT_Urb_25"
"883","IL2022-17009",6634.23160053153,"YT_Urb_25"
"884","IL2022-17039",6633.53290395367,"YT_Urb_25"
"885","IL2022-17152",6634.40768732077,"YT_Urb_25"
"886","IL2022-17228",6634.27808448543,"YT_Urb_25"
"887","IL2022-17244",6633.71122035209,"YT_Urb_25"
"888","IL2022-17322",6632.45134430394,"YT_Urb_25"
"889","IL2022-17346",6633.41886598131,"YT_Urb_25"
"890","IL2022-17507",6634.64377244673,"YT_Urb_25"
"891","IL2022-18037",6632.47797823734,"YT_Urb_25"
"892","IL2022-18049",6634.07922746463,"YT_Urb_25"
"893","IL2022-18139",6635.74583255444,"YT_Urb_25"
"894","IL2022-18345",6633.65223340041,"YT_Urb_25"
"895","IL2022-21310",6633.1474142531,"YT_Urb_25"
"896","IL2022-21633",6632.68815526239,"YT_Urb_25"
"897","IL2022-21643",6633.53602329628,"YT_Urb_25"
"898","IL2022-2254",6632.69122760247,"YT_Urb_25"
"899","IL2022-22930",6633.41859292306,"YT_Urb_25"
"900","IL2022-23037",6633.77465020572,"YT_Urb_25"
"901","IL2022-2324",6635.69084766034,"YT_Urb_25"
"902","IL2022-2937",6633.58069915377,"YT_Urb_25"
"903","IL2022-3262",6632.95919195208,"YT_Urb_25"
"904","IL2022-4524",6633.03436943431,"YT_Urb_25"
"905","IL2022-4730",6632.87961164454,"YT_Urb_25"
"906","IL2022-5305",6634.20433382068,"YT_Urb_25"
"907","IL2022-5308",6633.98556473566,"YT_Urb_25"
"908","IL2022-5529",6632.84290515787,"YT_Urb_25"
"909","IL2022-5545",6634.00147458086,"YT_Urb_25"
"910","IL2022-5571",6633.29128825318,"YT_Urb_25"
"911","IL2022-5610",6633.41351061781,"YT_Urb_25"
"912","IL2022-5765",6635.08023311529,"YT_Urb_25"
"913","IL2022-5834",6636.21300716455,"YT_Urb_25"
"914","IL2022-5841",6636.25223856785,"YT_Urb_25"
"915","IL2022-5944",6633.91474825702,"YT_Urb_25"
"916","IL2022-6330",6632.96737862542,"YT_Urb_25"
"917","IL2022-7060",6633.78253296515,"YT_Urb_25"
"918","IL2022-7104",6636.12225056403,"YT_Urb_25"
"919","IL2022-7109",6635.51393278808,"YT_Urb_25"
"920","IL2022-7110",6635.59391258899,"YT_Urb_25"
"921","IL2022-7368",6630.40291191663,"YT_Urb_25"
"922","IL2022-7442",6637.47814050559,"YT_Urb_25"
"923","IL2022-7446",6635.50081733464,"YT_Urb_25"
"924","IL2022-7448",6637.57731270556,"YT_Urb_25"
"925","IL2022-7565",6634.44936577897,"YT_Urb_25"
"926","IL2022-7612",6632.84173072498,"YT_Urb_25"
"927","IL2022-7745",6634.25461223099,"YT_Urb_25"
"928","IL2022-7956",6633.98933808576,"YT_Urb_25"
"929","IL2022-8157",6633.33591377317,"YT_Urb_25"
"930","IL2022-8161",6632.38731276883,"YT_Urb_25"
"931","IL2022-8676",6636.63178649976,"YT_Urb_25"
"932","IL2022-9906",6633.0133212295,"YT_Urb_25"
"933","IL2022-9913",6633.77998607988,"YT_Urb_25"
"934","IL2022-9929",6634.80040970445,"YT_Urb_25"
"935","IL2022-9948",6632.66807390908,"YT_Urb_25"
"936","IL2022F3S-21701",6633.55053569597,"YT_Urb_25"
"937","IL2022F3S-22106",6634.89371636286,"YT_Urb_25"
"938","IL2022F3S-22203",6634.34324917835,"YT_Urb_25"
"939","IL2022F3S-22301",6633.84423885899,"YT_Urb_25"
"940","IL2022F3S-22601",6633.36416435567,"YT_Urb_25"
"941","IL2022F3S-22603",6632.28247268148,"YT_Urb_25"
"942","IL2022F3S-22702",6633.08773452084,"YT_Urb_25"
"943","IL2022F3S-23203",6632.97067427116,"YT_Urb_25"
"944","IL2022F3S-23401",6633.6766356636,"YT_Urb_25"
"945","IL2022F3S-23402",6632.7767637239,"YT_Urb_25"
"946","IL2022F3S-23501",6634.91720271769,"YT_Urb_25"
"947","IL2022F3S-24501",6634.29093405843,"YT_Urb_25"
"948","IL2022F4S-10205",6633.14086889604,"YT_Urb_25"
"949","IL2022F4S-10704",6633.53071499875,"YT_Urb_25"
"950","IL2022F4S-10903",6633.6148022177,"YT_Urb_25"
"951","IL2022F4S-11001",6633.23401220847,"YT_Urb_25"
"952","IL2022F4S-11003",6633.80791720213,"YT_Urb_25"
"953","IL2022F4S-11202",6634.25492695287,"YT_Urb_25"
"954","IL2022F4S-11302",6634.19099767891,"YT_Urb_25"
"955","IL2022F4S-11703",6633.58448809327,"YT_Urb_25"
"956","IL2022F4S-11704",6633.92436608796,"YT_Urb_25"
"957","IL2022F4S-11802",6632.15629825368,"YT_Urb_25"
"958","IL2022F4S-11804",6632.29117989415,"YT_Urb_25"
"959","IL2022F4S-11806",6631.64528773349,"YT_Urb_25"
"960","IL2022F4S-12001",6632.3021039427,"YT_Urb_25"
"961","IL2022F4S-12101",6632.31580455913,"YT_Urb_25"
"962","IL2022F4S-12102",6632.62987497418,"YT_Urb_25"
"963","IL2022F4S-12303",6634.78458945548,"YT_Urb_25"
"964","IL2022F4S-12501",6632.93738410494,"YT_Urb_25"
"965","IL2022F4S-12603",6633.64903554716,"YT_Urb_25"
"966","IL2022F4S-12606",6633.37618997786,"YT_Urb_25"
"967","IL2022F4S-12801",6633.23782648353,"YT_Urb_25"
"968","IL2022F4S-12803",6633.81877155438,"YT_Urb_25"
"969","IL2022F4S-12804",6632.78286350266,"YT_Urb_25"
"970","IL2022F4S-12808",6632.48305506223,"YT_Urb_25"
"971","IL2022F4S-1302",6633.06869452142,"YT_Urb_25"
"972","IL2022F4S-13804",6633.06417142294,"YT_Urb_25"
"973","IL2022F4S-13806",6634.44980173163,"YT_Urb_25"
"974","IL2022F4S-13807",6634.49135882054,"YT_Urb_25"
"975","IL2022F4S-13902",6632.80980626684,"YT_Urb_25"
"976","IL2022F4S-14001",6632.39209957927,"YT_Urb_25"
"977","IL2022F4S-14002",6632.28471206456,"YT_Urb_25"
"978","IL2022F4S-1401",6633.83857333127,"YT_Urb_25"
"979","IL2022F4S-1402",6632.69012876574,"YT_Urb_25"
"980","IL2022F4S-14103",6634.71531873959,"YT_Urb_25"
"981","IL2022F4S-14808",6632.57262107779,"YT_Urb_25"
"982","IL2022F4S-14901",6632.46909853366,"YT_Urb_25"
"983","IL2022F4S-14905",6631.99846491677,"YT_Urb_25"
"984","IL2022F4S-14906",6631.80165418027,"YT_Urb_25"
"985","IL2022F4S-15004",6635.81804273489,"YT_Urb_25"
"986","IL2022F4S-1502",6633.45444717793,"YT_Urb_25"
"987","IL2022F4S-1503",6632.53492307027,"YT_Urb_25"
"988","IL2022F4S-1504",6632.42315216298,"YT_Urb_25"
"989","IL2022F4S-15101",6633.90103220757,"YT_Urb_25"
"990","IL2022F4S-15103",6633.05907873992,"YT_Urb_25"
"991","IL2022F4S-15201",6632.71238598796,"YT_Urb_25"
"992","IL2022F4S-15202",6632.76600137499,"YT_Urb_25"
"993","IL2022F4S-15203",6632.53872209033,"YT_Urb_25"
"994","IL2022F4S-15301",6634.3279859886,"YT_Urb_25"
"995","IL2022F4S-15302",6634.33310054081,"YT_Urb_25"
"996","IL2022F4S-15501",6632.82377357181,"YT_Urb_25"
"997","IL2022F4S-15903",6632.83518011285,"YT_Urb_25"
"998","IL2022F4S-16105",6632.817542165,"YT_Urb_25"
"999","IL2022F4S-16106",6632.51886862692,"YT_Urb_25"
"1000","IL2022F4S-17401",6634.57188769724,"YT_Urb_25"
"1001","IL2022F4S-17601",6634.39769332233,"YT_Urb_25"
"1002","IL2022F4S-18001",6633.9661189966,"YT_Urb_25"
"1003","IL2022F4S-18401",6634.03206523942,"YT_Urb_25"
"1004","IL2022F4S-1901",6634.37054671827,"YT_Urb_25"
"1005","IL2022F4S-1904",6634.09671022394,"YT_Urb_25"
"1006","IL2022F4S-19204",6633.84572731642,"YT_Urb_25"
"1007","IL2022F4S-19503",6632.39447668197,"YT_Urb_25"
"1008","IL2022F4S-19702",6633.44426966028,"YT_Urb_25"
"1009","IL2022F4S-19704",6633.40465822821,"YT_Urb_25"
"1010","IL2022F4S-19705",6633.91754801172,"YT_Urb_25"
"1011","IL2022F4S-19707",6634.16310431368,"YT_Urb_25"
"1012","IL2022F4S-19709",6633.2892865013,"YT_Urb_25"
"1013","IL2022F4S-19903",6632.56928863134,"YT_Urb_25"
"1014","IL2022F4S-20002",6633.64031828272,"YT_Urb_25"
"1015","IL2022F4S-20003",6633.5844063293,"YT_Urb_25"
"1016","IL2022F4S-2002",6633.90239459168,"YT_Urb_25"
"1017","IL2022F4S-2003",6633.58505687406,"YT_Urb_25"
"1018","IL2022F4S-20104",6631.78116265517,"YT_Urb_25"
"1019","IL2022F4S-20105",6634.85854165073,"YT_Urb_25"
"1020","IL2022F4S-20106",6633.86393346369,"YT_Urb_25"
"1021","IL2022F4S-20201",6632.41025381974,"YT_Urb_25"
"1022","IL2022F4S-20304",6633.96103732194,"YT_Urb_25"
"1023","IL2022F4S-20401",6632.65635276581,"YT_Urb_25"
"1024","IL2022F4S-20503",6632.94825370116,"YT_Urb_25"
"1025","IL2022F4S-20505",6632.10027909563,"YT_Urb_25"
"1026","IL2022F4S-20701",6633.70781248277,"YT_Urb_25"
"1027","IL2022F4S-20902",6633.36711798126,"YT_Urb_25"
"1028","IL2022F4S-2102",6633.6503713091,"YT_Urb_25"
"1029","IL2022F4S-2103",6632.96862522374,"YT_Urb_25"
"1030","IL2022F4S-2104",6632.60708604376,"YT_Urb_25"
"1031","IL2022F4S-2105",6632.87892551201,"YT_Urb_25"
"1032","IL2022F4S-2106",6633.35006809147,"YT_Urb_25"
"1033","IL2022F4S-21206",6633.14577964227,"YT_Urb_25"
"1034","IL2022F4S-21302",6634.0082332468,"YT_Urb_25"
"1035","IL2022F4S-21305",6633.28453206743,"YT_Urb_25"
"1036","IL2022F4S-21306",6633.88832177549,"YT_Urb_25"
"1037","IL2022F4S-21601",6632.86336736078,"YT_Urb_25"
"1038","IL2022F4S-2202",6633.36675594156,"YT_Urb_25"
"1039","IL2022F4S-2704",6633.37847790851,"YT_Urb_25"
"1040","IL2022F4S-3011",6632.82747592456,"YT_Urb_25"
"1041","IL2022F4S-3012",6633.9223079823,"YT_Urb_25"
"1042","IL2022F4S-3202",6633.46953049393,"YT_Urb_25"
"1043","IL2022F4S-3204",6634.09718919178,"YT_Urb_25"
"1044","IL2022F4S-3901",6634.43971456739,"YT_Urb_25"
"1045","IL2022F4S-3905",6633.9208095181,"YT_Urb_25"
"1046","IL2022F4S-3906",6633.56680440759,"YT_Urb_25"
"1047","IL2022F4S-4802",6634.04105363875,"YT_Urb_25"
"1048","IL2022F4S-4902",6632.93148941908,"YT_Urb_25"
"1049","IL2022F4S-501",6632.29958427439,"YT_Urb_25"
"1050","IL2022F4S-5301",6633.95384865854,"YT_Urb_25"
"1051","IL2022F4S-5302",6632.62579754222,"YT_Urb_25"
"1052","IL2022F4S-5503",6634.25616657293,"YT_Urb_25"
"1053","IL2022F4S-5601",6631.92981280188,"YT_Urb_25"
"1054","IL2022F4S-5603",6631.29309861045,"YT_Urb_25"
"1055","IL2022F4S-5604",6632.34894629566,"YT_Urb_25"
"1056","IL2022F4S-5701",6632.20987945873,"YT_Urb_25"
"1057","IL2022F4S-5702",6634.1486983937,"YT_Urb_25"
"1058","IL2022F4S-5801",6632.57928119843,"YT_Urb_25"
"1059","IL2022F4S-6301",6633.76197472629,"YT_Urb_25"
"1060","IL2022F4S-6401",6633.34166195091,"YT_Urb_25"
"1061","IL2022F4S-6403",6633.76758701373,"YT_Urb_25"
"1062","IL2022F4S-6501",6633.31987334926,"YT_Urb_25"
"1063","IL2022F4S-6702",6634.42917024575,"YT_Urb_25"
"1064","IL2022F4S-6801",6633.30428931481,"YT_Urb_25"
"1065","IL2022F4S-6802",6634.3215034654,"YT_Urb_25"
"1066","IL2022F4S-6803",6633.58881162468,"YT_Urb_25"
"1067","IL2022F4S-7101",6633.39648175376,"YT_Urb_25"
"1068","IL2022F4S-7401",6631.24349463841,"YT_Urb_25"
"1069","IL2022F4S-801",6634.12969791249,"YT_Urb_25"
"1070","IL2022F4S-8103",6634.45923167688,"YT_Urb_25"
"1071","IL2022F4S-8301",6634.62200292338,"YT_Urb_25"
"1072","IL2022F4S-8302",6634.56309613892,"YT_Urb_25"
"1073","IL2022F4S-8701",6631.92817368511,"YT_Urb_25"
"1074","IL2022F4S-8803",6633.62233851309,"YT_Urb_25"
"1075","IL2022F4S-8804",6633.15801647909,"YT_Urb_25"
"1076","IL2022F4S-8805",6632.66664352191,"YT_Urb_25"
"1077","IL2022F4S-8902",6634.85540748921,"YT_Urb_25"
"1078","IL2022F4S-8903",6634.97149178202,"YT_Urb_25"
"1079","IL2022F4S-8904",6634.51522786942,"YT_Urb_25"
"1080","IL2022F4S-902",6633.97384531031,"YT_Urb_25"
"1081","IL2022F4S-904",6633.90772077325,"YT_Urb_25"
"1082","IL2022F4S-9101",6633.51125091562,"YT_Urb_25"
"1083","IL2022F4S-9102",6633.56401705953,"YT_Urb_25"
"1084","IL2022F4S-9103",6633.81759099698,"YT_Urb_25"
"1085","IL2022F4S-9106",6633.57857900457,"YT_Urb_25"
"1086","IL2022F4S-9301",6633.47008703306,"YT_Urb_25"
"1087","IL2022F4S-9302",6633.22568325226,"YT_Urb_25"
"1088","IL2022F4S-9303",6634.39532174578,"YT_Urb_25"
"1089","IL2022F4S-9304",6634.29377574805,"YT_Urb_25"
"1090","IL2022F4S-9306",6633.69704400977,"YT_Urb_25"
"1091","IL2022F4S-9308",6633.52387435273,"YT_Urb_25"
"1092","IL2022F4S-9309",6633.82954791283,"YT_Urb_25"
"1093","IL2022F4S-9402",6635.23711274553,"YT_Urb_25"
"1094","IL2022F4S-9403",6633.77389758973,"YT_Urb_25"
"1095","IL2022F4S-9501",6634.55400265546,"YT_Urb_25"
"1096","IL2022F4S-9604",6632.51559707084,"YT_Urb_25"
"1097","IL2022F4S-9806",6633.54716014289,"YT_Urb_25"
"1098","IL2023-S10001",6633.31351676759,"YT_Urb_25"
"1099","IL2023-S10005",6634.77734413163,"YT_Urb_25"
"1100","IL2023-S1002",6633.49451625717,"YT_Urb_25"
"1101","IL2023-S1006",6633.58873578806,"YT_Urb_25"
"1102","IL2023-S101",6632.57208110796,"YT_Urb_25"
"1103","IL2023-S10105",6633.68495446573,"YT_Urb_25"
"1104","IL2023-S103",6634.11525699169,"YT_Urb_25"
"1105","IL2023-S10301",6631.79266845682,"YT_Urb_25"
"1106","IL2023-S10501",6634.25006190383,"YT_Urb_25"
"1107","IL2023-S10502",6633.90417606167,"YT_Urb_25"
"1108","IL2023-S10503",6632.94658009828,"YT_Urb_25"
"1109","IL2023-S10707",6633.75324143487,"YT_Urb_25"
"1110","IL2023-S10801",6632.58299400541,"YT_Urb_25"
"1111","IL2023-S10804",6633.53574806728,"YT_Urb_25"
"1112","IL2023-S10805",6633.00853110264,"YT_Urb_25"
"1113","IL2023-S10806",6634.06324334562,"YT_Urb_25"
"1114","IL2023-S10901",6634.22196026822,"YT_Urb_25"
"1115","IL2023-S10903",6633.02425364751,"YT_Urb_25"
"1116","IL2023-S10905",6634.23960715114,"YT_Urb_25"
"1117","IL2023-S10906",6633.86309562411,"YT_Urb_25"
"1118","IL2023-S10907",6633.60269749396,"YT_Urb_25"
"1119","IL2023-S11001",6632.79802697671,"YT_Urb_25"
"1120","IL2023-S11002",6633.54335321699,"YT_Urb_25"
"1121","IL2023-S11006",6634.34362981542,"YT_Urb_25"
"1122","IL2023-S11007",6632.73575388104,"YT_Urb_25"
"1123","IL2023-S11008",6631.93679643207,"YT_Urb_25"
"1124","IL2023-S1103",6633.47116286453,"YT_Urb_25"
"1125","IL2023-S11101",6633.5221514217,"YT_Urb_25"
"1126","IL2023-S11103",6632.93308223928,"YT_Urb_25"
"1127","IL2023-S11105",6633.73820369645,"YT_Urb_25"
"1128","IL2023-S11107",6632.60271287038,"YT_Urb_25"
"1129","IL2023-S11109",6632.91783777388,"YT_Urb_25"
"1130","IL2023-S11201",6635.40616271263,"YT_Urb_25"
"1131","IL2023-S11202",6634.96662541823,"YT_Urb_25"
"1132","IL2023-S11204",6635.4594440878,"YT_Urb_25"
"1133","IL2023-S11205",6635.26255788872,"YT_Urb_25"
"1134","IL2023-S11207",6634.99540505012,"YT_Urb_25"
"1135","IL2023-S11208",6635.14465859539,"YT_Urb_25"
"1136","IL2023-S11304",6633.04613850273,"YT_Urb_25"
"1137","IL2023-S11306",6633.95795059543,"YT_Urb_25"
"1138","IL2023-S11307",6633.71871611083,"YT_Urb_25"
"1139","IL2023-S11308",6634.47382770445,"YT_Urb_25"
"1140","IL2023-S11401",6633.60441467365,"YT_Urb_25"
"1141","IL2023-S11403",6633.87504980814,"YT_Urb_25"
"1142","IL2023-S11405",6633.633507499,"YT_Urb_25"
"1143","IL2023-S11406",6633.41929931558,"YT_Urb_25"
"1144","IL2023-S11408",6633.41814492838,"YT_Urb_25"
"1145","IL2023-S11409",6633.18491532843,"YT_Urb_25"
"1146","IL2023-S11501",6633.31642838547,"YT_Urb_25"
"1147","IL2023-S11502",6633.28893047223,"YT_Urb_25"
"1148","IL2023-S11503",6632.48657827275,"YT_Urb_25"
"1149","IL2023-S11504",6632.99290878722,"YT_Urb_25"
"1150","IL2023-S11505",6633.27966838213,"YT_Urb_25"
"1151","IL2023-S11506",6633.65448814625,"YT_Urb_25"
"1152","IL2023-S11507",6633.66263893326,"YT_Urb_25"
"1153","IL2023-S11604",6633.14637390872,"YT_Urb_25"
"1154","IL2023-S11605",6632.85552056343,"YT_Urb_25"
"1155","IL2023-S11606",6632.52903884853,"YT_Urb_25"
"1156","IL2023-S11701",6634.08910803104,"YT_Urb_25"
"1157","IL2023-S11702",6633.80988422762,"YT_Urb_25"
"1158","IL2023-S11704",6633.55140952379,"YT_Urb_25"
"1159","IL2023-S11705",6633.21761579758,"YT_Urb_25"
"1160","IL2023-S11706",6632.78242189287,"YT_Urb_25"
"1161","IL2023-S11801",6633.52721011318,"YT_Urb_25"
"1162","IL2023-S11803",6634.69876025054,"YT_Urb_25"
"1163","IL2023-S11805",6632.72152097646,"YT_Urb_25"
"1164","IL2023-S11806",6634.3864833517,"YT_Urb_25"
"1165","IL2023-S11808",6634.41015514724,"YT_Urb_25"
"1166","IL2023-S11809",6633.32383648136,"YT_Urb_25"
"1167","IL2023-S11810",6633.12531689388,"YT_Urb_25"
"1168","IL2023-S11908",6632.34313589416,"YT_Urb_25"
"1169","IL2023-S11910",6633.26694904368,"YT_Urb_25"
"1170","IL2023-S12007",6632.52916847367,"YT_Urb_25"
"1171","IL2023-S12008",6632.49494630551,"YT_Urb_25"
"1172","IL2023-S1209",6633.50651179508,"YT_Urb_25"
"1173","IL2023-S12203",6633.28661972889,"YT_Urb_25"
"1174","IL2023-S12301",6632.37774732859,"YT_Urb_25"
"1175","IL2023-S12306",6632.24202746823,"YT_Urb_25"
"1176","IL2023-S12310",6633.15187007718,"YT_Urb_25"
"1177","IL2023-S12401",6633.37345526606,"YT_Urb_25"
"1178","IL2023-S12403",6633.75755959023,"YT_Urb_25"
"1179","IL2023-S12509",6633.26265136959,"YT_Urb_25"
"1180","IL2023-S12605",6632.51120655898,"YT_Urb_25"
"1181","IL2023-S12606",6633.57231960682,"YT_Urb_25"
"1182","IL2023-S12608",6632.87139143073,"YT_Urb_25"
"1183","IL2023-S12609",6633.37608241155,"YT_Urb_25"
"1184","IL2023-S12901",6632.94570400071,"YT_Urb_25"
"1185","IL2023-S12907",6633.97387128519,"YT_Urb_25"
"1186","IL2023-S1301",6632.37293438729,"YT_Urb_25"
"1187","IL2023-S1304",6631.96028192556,"YT_Urb_25"
"1188","IL2023-S13101",6633.15555292214,"YT_Urb_25"
"1189","IL2023-S13202",6632.37083259544,"YT_Urb_25"
"1190","IL2023-S13309",6633.26693515562,"YT_Urb_25"
"1191","IL2023-S13402",6633.36584586363,"YT_Urb_25"
"1192","IL2023-S13406",6633.53677852544,"YT_Urb_25"
"1193","IL2023-S13407",6634.08918344847,"YT_Urb_25"
"1194","IL2023-S13503",6633.02877594648,"YT_Urb_25"
"1195","IL2023-S13802",6634.16296257001,"YT_Urb_25"
"1196","IL2023-S13804",6633.72531196327,"YT_Urb_25"
"1197","IL2023-S1401",6632.62194457368,"YT_Urb_25"
"1198","IL2023-S14205",6633.84582319787,"YT_Urb_25"
"1199","IL2023-S14401",6634.97922889205,"YT_Urb_25"
"1200","IL2023-S14408",6634.22594141302,"YT_Urb_25"
"1201","IL2023-S14503",6632.55862557424,"YT_Urb_25"
"1202","IL2023-S14504",6632.85855030043,"YT_Urb_25"
"1203","IL2023-S14702",6633.97752370091,"YT_Urb_25"
"1204","IL2023-S14801",6632.74947713778,"YT_Urb_25"
"1205","IL2023-S14802",6632.4210631973,"YT_Urb_25"
"1206","IL2023-S14807",6632.94799578697,"YT_Urb_25"
"1207","IL2023-S15005",6633.2510535012,"YT_Urb_25"
"1208","IL2023-S15009",6634.30157829381,"YT_Urb_25"
"1209","IL2023-S1502",6633.07797635129,"YT_Urb_25"
"1210","IL2023-S15108",6632.74377912959,"YT_Urb_25"
"1211","IL2023-S15109",6633.09665161523,"YT_Urb_25"
"1212","IL2023-S15203",6632.58318339219,"YT_Urb_25"
"1213","IL2023-S15602",6633.0401973566,"YT_Urb_25"
"1214","IL2023-S15603",6633.43992554598,"YT_Urb_25"
"1215","IL2023-S15607",6633.75569174053,"YT_Urb_25"
"1216","IL2023-S1601",6633.7972438509,"YT_Urb_25"
"1217","IL2023-S1602",6633.70812837672,"YT_Urb_25"
"1218","IL2023-S1603",6634.34645615966,"YT_Urb_25"
"1219","IL2023-S1604",6633.73475252257,"YT_Urb_25"
"1220","IL2023-S1605",6633.6913865878,"YT_Urb_25"
"1221","IL2023-S1607",6634.81351651412,"YT_Urb_25"
"1222","IL2023-S1608",6634.58991634405,"YT_Urb_25"
"1223","IL2023-S16206",6634.04877313854,"YT_Urb_25"
"1224","IL2023-S16302",6633.59886868589,"YT_Urb_25"
"1225","IL2023-S16304",6633.48228891636,"YT_Urb_25"
"1226","IL2023-S16306",6633.76272495326,"YT_Urb_25"
"1227","IL2023-S16307",6633.6619026841,"YT_Urb_25"
"1228","IL2023-S16804",6633.53320795937,"YT_Urb_25"
"1229","IL2023-S16805",6632.53434040301,"YT_Urb_25"
"1230","IL2023-S16807",6632.13910715215,"YT_Urb_25"
"1231","IL2023-S16808",6633.00723450934,"YT_Urb_25"
"1232","IL2023-S1701",6632.64648985426,"YT_Urb_25"
"1233","IL2023-S1702",6632.81482878155,"YT_Urb_25"
"1234","IL2023-S1708",6632.86747702399,"YT_Urb_25"
"1235","IL2023-S1709",6631.90493856341,"YT_Urb_25"
"1236","IL2023-S18307",6633.09474270615,"YT_Urb_25"
"1237","IL2023-S208",6632.69263508503,"YT_Urb_25"
"1238","IL2023-S209",6632.70628858868,"YT_Urb_25"
"1239","IL2023-S2206",6633.577829252,"YT_Urb_25"
"1240","IL2023-S2302",6633.35454771012,"YT_Urb_25"
"1241","IL2023-S2401",6634.4490889723,"YT_Urb_25"
"1242","IL2023-S2404",6634.2505586217,"YT_Urb_25"
"1243","IL2023-S2505",6632.56385644944,"YT_Urb_25"
"1244","IL2023-S2604",6632.11135852836,"YT_Urb_25"
"1245","IL2023-S2607",6632.49511099835,"YT_Urb_25"
"1246","IL2023-S2610",6632.91825661117,"YT_Urb_25"
"1247","IL2023-S3002",6632.61863891404,"YT_Urb_25"
"1248","IL2023-S3003",6633.15187074326,"YT_Urb_25"
"1249","IL2023-S3005",6633.86574355221,"YT_Urb_25"
"1250","IL2023-S303",6633.87731224344,"YT_Urb_25"
"1251","IL2023-S306",6633.30537711776,"YT_Urb_25"
"1252","IL2023-S307",6633.70604586011,"YT_Urb_25"
"1253","IL2023-S309",6633.17884686132,"YT_Urb_25"
"1254","IL2023-S310",6633.85391123441,"YT_Urb_25"
"1255","IL2023-S3304",6632.20957484349,"YT_Urb_25"
"1256","IL2023-S3310",6632.90120678413,"YT_Urb_25"
"1257","IL2023-S3402",6633.12276248702,"YT_Urb_25"
"1258","IL2023-S3403",6633.07329028112,"YT_Urb_25"
"1259","IL2023-S3404",6633.11868076901,"YT_Urb_25"
"1260","IL2023-S3407",6632.90216314955,"YT_Urb_25"
"1261","IL2023-S3504",6632.85362230684,"YT_Urb_25"
"1262","IL2023-S3505",6633.45633954717,"YT_Urb_25"
"1263","IL2023-S3510",6632.43905687075,"YT_Urb_25"
"1264","IL2023-S3613",6632.52401549514,"YT_Urb_25"
"1265","IL2023-S4004",6632.84365553241,"YT_Urb_25"
"1266","IL2023-S4005",6632.52088095747,"YT_Urb_25"
"1267","IL2023-S406",6632.00897843869,"YT_Urb_25"
"1268","IL2023-S4102",6633.81554874027,"YT_Urb_25"
"1269","IL2023-S4104",6633.25717662502,"YT_Urb_25"
"1270","IL2023-S4111",6633.31084933008,"YT_Urb_25"
"1271","IL2023-S4113",6633.5213961722,"YT_Urb_25"
"1272","IL2023-S4202",6633.17560529451,"YT_Urb_25"
"1273","IL2023-S4203",6633.46263939669,"YT_Urb_25"
"1274","IL2023-S4302",6632.56420343075,"YT_Urb_25"
"1275","IL2023-S4303",6633.21070110491,"YT_Urb_25"
"1276","IL2023-S4304",6633.6976564155,"YT_Urb_25"
"1277","IL2023-S4401",6633.53605718261,"YT_Urb_25"
"1278","IL2023-S4402",6633.40006079826,"YT_Urb_25"
"1279","IL2023-S4404",6633.95946265327,"YT_Urb_25"
"1280","IL2023-S4405",6633.67328144185,"YT_Urb_25"
"1281","IL2023-S4408",6634.10318728117,"YT_Urb_25"
"1282","IL2023-S4411",6633.31356140324,"YT_Urb_25"
"1283","IL2023-S4507",6634.09164438188,"YT_Urb_25"
"1284","IL2023-S4508",6633.78560078649,"YT_Urb_25"
"1285","IL2023-S4804",6633.93292026714,"YT_Urb_25"
"1286","IL2023-S4905",6633.00262591478,"YT_Urb_25"
"1287","IL2023-S502",6632.15106923959,"YT_Urb_25"
"1288","IL2023-S5105",6632.92201581966,"YT_Urb_25"
"1289","IL2023-S5201",6633.15799299056,"YT_Urb_25"
"1290","IL2023-S5203",6632.65082377747,"YT_Urb_25"
"1291","IL2023-S5303",6632.58335817561,"YT_Urb_25"
"1292","IL2023-S5305",6632.52323291287,"YT_Urb_25"
"1293","IL2023-S5402",6633.1126501472,"YT_Urb_25"
"1294","IL2023-S5403",6633.69367493533,"YT_Urb_25"
"1295","IL2023-S5404",6633.08748940854,"YT_Urb_25"
"1296","IL2023-S5506",6633.55405922678,"YT_Urb_25"
"1297","IL2023-S5603",6632.92706050453,"YT_Urb_25"
"1298","IL2023-S5606",6633.4590496146,"YT_Urb_25"
"1299","IL2023-S5703",6633.94793249197,"YT_Urb_25"
"1300","IL2023-S5706",6636.23566879129,"YT_Urb_25"
"1301","IL2023-S5801",6633.66642261857,"YT_Urb_25"
"1302","IL2023-S5806",6633.55045887678,"YT_Urb_25"
"1303","IL2023-S5907",6633.82694137697,"YT_Urb_25"
"1304","IL2023-S5909",6633.51716445976,"YT_Urb_25"
"1305","IL2023-S5910",6633.77401834122,"YT_Urb_25"
"1306","IL2023-S6006",6633.55816935251,"YT_Urb_25"
"1307","IL2023-S6007",6633.49655905208,"YT_Urb_25"
"1308","IL2023-S6009",6633.0420279848,"YT_Urb_25"
"1309","IL2023-S602",6633.03035437686,"YT_Urb_25"
"1310","IL2023-S6102",6633.77443203966,"YT_Urb_25"
"1311","IL2023-S6104",6633.57831868029,"YT_Urb_25"
"1312","IL2023-S6107",6633.62794447645,"YT_Urb_25"
"1313","IL2023-S6210",6633.42450722451,"YT_Urb_25"
"1314","IL2023-S6211",6633.45218746598,"YT_Urb_25"
"1315","IL2023-S6301",6632.81010237125,"YT_Urb_25"
"1316","IL2023-S6303",6633.49798633395,"YT_Urb_25"
"1317","IL2023-S6403",6634.53873641626,"YT_Urb_25"
"1318","IL2023-S6406",6633.04499879945,"YT_Urb_25"
"1319","IL2023-S6604",6633.27135799364,"YT_Urb_25"
"1320","IL2023-S6608",6633.34345590049,"YT_Urb_25"
"1321","IL2023-S6701",6634.83919696206,"YT_Urb_25"
"1322","IL2023-S6710",6634.3682673187,"YT_Urb_25"
"1323","IL2023-S6802",6634.26914483805,"YT_Urb_25"
"1324","IL2023-S6805",6633.72735816488,"YT_Urb_25"
"1325","IL2023-S6806",6634.51665803475,"YT_Urb_25"
"1326","IL2023-S6808",6634.02523736166,"YT_Urb_25"
"1327","IL2023-S6905",6633.93780512633,"YT_Urb_25"
"1328","IL2023-S6907",6633.4316076063,"YT_Urb_25"
"1329","IL2023-S702",6632.79468123639,"YT_Urb_25"
"1330","IL2023-S703",6632.31911469843,"YT_Urb_25"
"1331","IL2023-S7303",6632.67387409361,"YT_Urb_25"
"1332","IL2023-S7304",6632.65105962103,"YT_Urb_25"
"1333","IL2023-S7305",6633.1267791095,"YT_Urb_25"
"1334","IL2023-S7309",6632.88794671467,"YT_Urb_25"
"1335","IL2023-S7310",6633.60666540007,"YT_Urb_25"
"1336","IL2023-S7401",6633.54823091655,"YT_Urb_25"
"1337","IL2023-S7404",6632.82678750343,"YT_Urb_25"
"1338","IL2023-S7502",6634.59418740021,"YT_Urb_25"
"1339","IL2023-S7503",6634.15301682275,"YT_Urb_25"
"1340","IL2023-S7603",6633.93914639046,"YT_Urb_25"
"1341","IL2023-S7604",6634.07327789967,"YT_Urb_25"
"1342","IL2023-S7804",6633.13423100329,"YT_Urb_25"
"1343","IL2023-S7902",6632.52236517737,"YT_Urb_25"
"1344","IL2023-S8102",6633.60642716416,"YT_Urb_25"
"1345","IL2023-S8106",6633.21991646332,"YT_Urb_25"
"1346","IL2023-S8107",6634.03421179861,"YT_Urb_25"
"1347","IL2023-S8111",6633.41292136365,"YT_Urb_25"
"1348","IL2023-S8204",6632.67099241772,"YT_Urb_25"
"1349","IL2023-S8305",6633.72550251177,"YT_Urb_25"
"1350","IL2023-S8308",6634.04815330529,"YT_Urb_25"
"1351","IL2023-S8404",6633.37967714301,"YT_Urb_25"
"1352","IL2023-S8508",6633.84886783093,"YT_Urb_25"
"1353","IL2023-S8604",6634.14961978538,"YT_Urb_25"
"1354","IL2023-S8701",6633.39606272883,"YT_Urb_25"
"1355","IL2023-S8806",6633.52900498881,"YT_Urb_25"
"1356","IL2023-S8902",6633.77676361469,"YT_Urb_25"
"1357","IL2023-S9006",6633.50178846806,"YT_Urb_25"
"1358","IL2023-S902",6633.2806518372,"YT_Urb_25"
"1359","IL2023-S910",6633.64110491082,"YT_Urb_25"
"1360","IL2023-S913",6632.25110015887,"YT_Urb_25"
"1361","IL2023-S9201",6632.95447522779,"YT_Urb_25"
"1362","IL2023-S9204",6633.87427624002,"YT_Urb_25"
"1363","IL2023-S9301",6634.44346282352,"YT_Urb_25"
"1364","IL2023-S9302",6634.70861085277,"YT_Urb_25"
"1365","IL2023-S9303",6633.70933258924,"YT_Urb_25"
"1366","IL2023-S9304",6634.68108557827,"YT_Urb_25"
"1367","IL2023-S9305",6634.08385627803,"YT_Urb_25"
"1368","IL2023-S9401",6632.90368503914,"YT_Urb_25"
"1369","IL2023-S9502",6633.86380403051,"YT_Urb_25"
"1370","IL2023-S9602",6634.55117296956,"YT_Urb_25"
"1371","IL2023-S9608",6634.47386159335,"YT_Urb_25"
"1372","IL2023-S9803",6635.40997718045,"YT_Urb_25"
"1373","IL2023-S9804",6635.51282662998,"YT_Urb_25"
"1374","KASKASKIA",6632.12818591866,"YT_Urb_25"
"1375","TX19DH583",4086.932394773,"STP1_2025_MCG"
"1376","TX19DH624",4086.20588119315,"STP1_2025_MCG"
"1377","TX24M8029",4087.58124729031,"STP1_2025_MCG"
"1378","TX24M8035",4087.48232851069,"STP1_2025_MCG"
"1379","TX24M8038",4086.38518738054,"STP1_2025_MCG"
"1380","TX24M8039",4085.64811792731,"STP1_2025_MCG"
"1381","TX24M8048",4086.2724772582,"STP1_2025_MCG"
"1382","TX24M8054",4086.78493029136,"STP1_2025_MCG"
"1383","TX24M8123",4086.51185984573,"STP1_2025_MCG"
"1384","TX24M8136",4086.77218565349,"STP1_2025_MCG"
"1385","TX24M8148",4085.30878109307,"STP1_2025_MCG"
"1386","TX24M8157",4083.79750855155,"STP1_2025_MCG"
"1387","TX24M8194",4085.58792166419,"STP1_2025_MCG"
"1388","TX24M8280",4084.80792199928,"STP1_2025_MCG"
"1389","TX24M8329",4086.7645304198,"STP1_2025_MCG"
"1390","TX24M8333",4086.18047968861,"STP1_2025_MCG"
"1391","TX24M8335",4086.6396218497,"STP1_2025_MCG"
"1392","TX24M8340",4086.92206741485,"STP1_2025_MCG"
"1393","TX24M8343",4086.03644522951,"STP1_2025_MCG"
"1394","TX24M8346",4085.38191832592,"STP1_2025_MCG"
"1395","TX24M8354",4086.44270010247,"STP1_2025_MCG"
"1396","TX24M8369",4085.21034049123,"STP1_2025_MCG"
"1397","TX24M8390",4083.4746917896,"STP1_2025_MCG"
"1398","TX24M8394",4086.60626383276,"STP1_2025_MCG"
"1399","TX24M8396",4086.7217713554,"STP1_2025_MCG"
"1400","TX24M8397",4087.4373903341,"STP1_2025_MCG"
"1401","TX24M8398",4087.47459020329,"STP1_2025_MCG"
"1402","TX24M8399",4087.45050106409,"STP1_2025_MCG"
"1403","TX24M8401",4087.44888446654,"STP1_2025_MCG"
"1404","TX24M8408",4087.40006563766,"STP1_2025_MCG"
"1405","TX24M8411",4087.31118864157,"STP1_2025_MCG"
"1406","TX24M8412",4087.34449324614,"STP1_2025_MCG"
"1407","TX24M8416",4086.66261867891,"STP1_2025_MCG"
"1408","TX24M8419",4086.25041820483,"STP1_2025_MCG"
"1409","TX24M8433",4086.21895569211,"STP1_2025_MCG"
